-- Delete data
ALTER TABLE staff DROP FOREIGN KEY fk_staff_store , DROP FOREIGN KEY fk_staff_address;
DELETE FROM payment ;
DELETE FROM rental ;
DELETE FROM customer ;
DELETE FROM film_category ;
DELETE FROM film_text ;
DELETE FROM film_actor ;
DELETE FROM inventory ;
DELETE FROM film ;
DELETE FROM category ;
ALTER TABLE store CHANGE COLUMN manager_staff_id manager_staff_id TINYINT UNSIGNED NULL;
update store set manager_staff_id=null;
DELETE FROM staff ;
DELETE FROM store ;
DELETE FROM actor ;
DELETE FROM address ;
DELETE FROM city ;
DELETE FROM country ;
DELETE FROM language ;
ALTER TABLE store CHANGE COLUMN manager_staff_id manager_staff_id TINYINT UNSIGNED NOT NULL;
-- Automatically generated by Advanced ETl Processor
-- http://www.etl-tools.com/
-- table language
-- Start of script
Insert into language
 (`language_id`,`name`,`last_update`)
Values
('1','English','2006-02-15 05:02:19.000')
;
Insert into language
 (`language_id`,`name`,`last_update`)
Values
('2','Italian','2006-02-15 05:02:19.000')
;
Insert into language
 (`language_id`,`name`,`last_update`)
Values
('3','Japanese','2006-02-15 05:02:19.000')
;
Insert into language
 (`language_id`,`name`,`last_update`)
Values
('4','Mandarin','2006-02-15 05:02:19.000')
;
Insert into language
 (`language_id`,`name`,`last_update`)
Values
('5','French','2006-02-15 05:02:19.000')
;
Insert into language
 (`language_id`,`name`,`last_update`)
Values
('6','German','2006-02-15 05:02:19.000')
;
-- End of Script
--
--
-- Automatically generated by Advanced ETl Processor
-- http://www.etl-tools.com/
-- table country
-- Start of script
Insert into country
 (`country_id`,`country`,`last_update`)
Values
('1','Afghanistan','2006-02-15 04:44:00.000')
;
Insert into country
 (`country_id`,`country`,`last_update`)
Values
('2','Algeria','2006-02-15 04:44:00.000')
;
Insert into country
 (`country_id`,`country`,`last_update`)
Values
('3','American Samoa','2006-02-15 04:44:00.000')
;
Insert into country
 (`country_id`,`country`,`last_update`)
Values
('4','Angola','2006-02-15 04:44:00.000')
;
Insert into country
 (`country_id`,`country`,`last_update`)
Values
('5','Anguilla','2006-02-15 04:44:00.000')
;
Insert into country
 (`country_id`,`country`,`last_update`)
Values
('6','Argentina','2006-02-15 04:44:00.000')
;
Insert into country
 (`country_id`,`country`,`last_update`)
Values
('7','Armenia','2006-02-15 04:44:00.000')
;
Insert into country
 (`country_id`,`country`,`last_update`)
Values
('8','Australia','2006-02-15 04:44:00.000')
;
Insert into country
 (`country_id`,`country`,`last_update`)
Values
('9','Austria','2006-02-15 04:44:00.000')
;
Insert into country
 (`country_id`,`country`,`last_update`)
Values
('10','Azerbaijan','2006-02-15 04:44:00.000')
;
Insert into country
 (`country_id`,`country`,`last_update`)
Values
('11','Bahrain','2006-02-15 04:44:00.000')
;
Insert into country
 (`country_id`,`country`,`last_update`)
Values
('12','Bangladesh','2006-02-15 04:44:00.000')
;
Insert into country
 (`country_id`,`country`,`last_update`)
Values
('13','Belarus','2006-02-15 04:44:00.000')
;
Insert into country
 (`country_id`,`country`,`last_update`)
Values
('14','Bolivia','2006-02-15 04:44:00.000')
;
Insert into country
 (`country_id`,`country`,`last_update`)
Values
('15','Brazil','2006-02-15 04:44:00.000')
;
Insert into country
 (`country_id`,`country`,`last_update`)
Values
('16','Brunei','2006-02-15 04:44:00.000')
;
Insert into country
 (`country_id`,`country`,`last_update`)
Values
('17','Bulgaria','2006-02-15 04:44:00.000')
;
Insert into country
 (`country_id`,`country`,`last_update`)
Values
('18','Cambodia','2006-02-15 04:44:00.000')
;
Insert into country
 (`country_id`,`country`,`last_update`)
Values
('19','Cameroon','2006-02-15 04:44:00.000')
;
Insert into country
 (`country_id`,`country`,`last_update`)
Values
('20','Canada','2006-02-15 04:44:00.000')
;
Insert into country
 (`country_id`,`country`,`last_update`)
Values
('21','Chad','2006-02-15 04:44:00.000')
;
Insert into country
 (`country_id`,`country`,`last_update`)
Values
('22','Chile','2006-02-15 04:44:00.000')
;
Insert into country
 (`country_id`,`country`,`last_update`)
Values
('23','China','2006-02-15 04:44:00.000')
;
Insert into country
 (`country_id`,`country`,`last_update`)
Values
('24','Colombia','2006-02-15 04:44:00.000')
;
Insert into country
 (`country_id`,`country`,`last_update`)
Values
('25','Congo, The Democratic Republic of the','2006-02-15 04:44:00.000')
;
Insert into country
 (`country_id`,`country`,`last_update`)
Values
('26','Czech Republic','2006-02-15 04:44:00.000')
;
Insert into country
 (`country_id`,`country`,`last_update`)
Values
('27','Dominican Republic','2006-02-15 04:44:00.000')
;
Insert into country
 (`country_id`,`country`,`last_update`)
Values
('28','Ecuador','2006-02-15 04:44:00.000')
;
Insert into country
 (`country_id`,`country`,`last_update`)
Values
('29','Egypt','2006-02-15 04:44:00.000')
;
Insert into country
 (`country_id`,`country`,`last_update`)
Values
('30','Estonia','2006-02-15 04:44:00.000')
;
Insert into country
 (`country_id`,`country`,`last_update`)
Values
('31','Ethiopia','2006-02-15 04:44:00.000')
;
Insert into country
 (`country_id`,`country`,`last_update`)
Values
('32','Faroe Islands','2006-02-15 04:44:00.000')
;
Insert into country
 (`country_id`,`country`,`last_update`)
Values
('33','Finland','2006-02-15 04:44:00.000')
;
Insert into country
 (`country_id`,`country`,`last_update`)
Values
('34','France','2006-02-15 04:44:00.000')
;
Insert into country
 (`country_id`,`country`,`last_update`)
Values
('35','French Guiana','2006-02-15 04:44:00.000')
;
Insert into country
 (`country_id`,`country`,`last_update`)
Values
('36','French Polynesia','2006-02-15 04:44:00.000')
;
Insert into country
 (`country_id`,`country`,`last_update`)
Values
('37','Gambia','2006-02-15 04:44:00.000')
;
Insert into country
 (`country_id`,`country`,`last_update`)
Values
('38','Germany','2006-02-15 04:44:00.000')
;
Insert into country
 (`country_id`,`country`,`last_update`)
Values
('39','Greece','2006-02-15 04:44:00.000')
;
Insert into country
 (`country_id`,`country`,`last_update`)
Values
('40','Greenland','2006-02-15 04:44:00.000')
;
Insert into country
 (`country_id`,`country`,`last_update`)
Values
('41','Holy See (Vatican City State)','2006-02-15 04:44:00.000')
;
Insert into country
 (`country_id`,`country`,`last_update`)
Values
('42','Hong Kong','2006-02-15 04:44:00.000')
;
Insert into country
 (`country_id`,`country`,`last_update`)
Values
('43','Hungary','2006-02-15 04:44:00.000')
;
Insert into country
 (`country_id`,`country`,`last_update`)
Values
('44','India','2006-02-15 04:44:00.000')
;
Insert into country
 (`country_id`,`country`,`last_update`)
Values
('45','Indonesia','2006-02-15 04:44:00.000')
;
Insert into country
 (`country_id`,`country`,`last_update`)
Values
('46','Iran','2006-02-15 04:44:00.000')
;
Insert into country
 (`country_id`,`country`,`last_update`)
Values
('47','Iraq','2006-02-15 04:44:00.000')
;
Insert into country
 (`country_id`,`country`,`last_update`)
Values
('48','Israel','2006-02-15 04:44:00.000')
;
Insert into country
 (`country_id`,`country`,`last_update`)
Values
('49','Italy','2006-02-15 04:44:00.000')
;
Insert into country
 (`country_id`,`country`,`last_update`)
Values
('50','Japan','2006-02-15 04:44:00.000')
;
Insert into country
 (`country_id`,`country`,`last_update`)
Values
('51','Kazakstan','2006-02-15 04:44:00.000')
;
Insert into country
 (`country_id`,`country`,`last_update`)
Values
('52','Kenya','2006-02-15 04:44:00.000')
;
Insert into country
 (`country_id`,`country`,`last_update`)
Values
('53','Kuwait','2006-02-15 04:44:00.000')
;
Insert into country
 (`country_id`,`country`,`last_update`)
Values
('54','Latvia','2006-02-15 04:44:00.000')
;
Insert into country
 (`country_id`,`country`,`last_update`)
Values
('55','Liechtenstein','2006-02-15 04:44:00.000')
;
Insert into country
 (`country_id`,`country`,`last_update`)
Values
('56','Lithuania','2006-02-15 04:44:00.000')
;
Insert into country
 (`country_id`,`country`,`last_update`)
Values
('57','Madagascar','2006-02-15 04:44:00.000')
;
Insert into country
 (`country_id`,`country`,`last_update`)
Values
('58','Malawi','2006-02-15 04:44:00.000')
;
Insert into country
 (`country_id`,`country`,`last_update`)
Values
('59','Malaysia','2006-02-15 04:44:00.000')
;
Insert into country
 (`country_id`,`country`,`last_update`)
Values
('60','Mexico','2006-02-15 04:44:00.000')
;
Insert into country
 (`country_id`,`country`,`last_update`)
Values
('61','Moldova','2006-02-15 04:44:00.000')
;
Insert into country
 (`country_id`,`country`,`last_update`)
Values
('62','Morocco','2006-02-15 04:44:00.000')
;
Insert into country
 (`country_id`,`country`,`last_update`)
Values
('63','Mozambique','2006-02-15 04:44:00.000')
;
Insert into country
 (`country_id`,`country`,`last_update`)
Values
('64','Myanmar','2006-02-15 04:44:00.000')
;
Insert into country
 (`country_id`,`country`,`last_update`)
Values
('65','Nauru','2006-02-15 04:44:00.000')
;
Insert into country
 (`country_id`,`country`,`last_update`)
Values
('66','Nepal','2006-02-15 04:44:00.000')
;
Insert into country
 (`country_id`,`country`,`last_update`)
Values
('67','Netherlands','2006-02-15 04:44:00.000')
;
Insert into country
 (`country_id`,`country`,`last_update`)
Values
('68','New Zealand','2006-02-15 04:44:00.000')
;
Insert into country
 (`country_id`,`country`,`last_update`)
Values
('69','Nigeria','2006-02-15 04:44:00.000')
;
Insert into country
 (`country_id`,`country`,`last_update`)
Values
('70','North Korea','2006-02-15 04:44:00.000')
;
Insert into country
 (`country_id`,`country`,`last_update`)
Values
('71','Oman','2006-02-15 04:44:00.000')
;
Insert into country
 (`country_id`,`country`,`last_update`)
Values
('72','Pakistan','2006-02-15 04:44:00.000')
;
Insert into country
 (`country_id`,`country`,`last_update`)
Values
('73','Paraguay','2006-02-15 04:44:00.000')
;
Insert into country
 (`country_id`,`country`,`last_update`)
Values
('74','Peru','2006-02-15 04:44:00.000')
;
Insert into country
 (`country_id`,`country`,`last_update`)
Values
('75','Philippines','2006-02-15 04:44:00.000')
;
Insert into country
 (`country_id`,`country`,`last_update`)
Values
('76','Poland','2006-02-15 04:44:00.000')
;
Insert into country
 (`country_id`,`country`,`last_update`)
Values
('77','Puerto Rico','2006-02-15 04:44:00.000')
;
Insert into country
 (`country_id`,`country`,`last_update`)
Values
('78','Romania','2006-02-15 04:44:00.000')
;
Insert into country
 (`country_id`,`country`,`last_update`)
Values
('79','Runion','2006-02-15 04:44:00.000')
;
Insert into country
 (`country_id`,`country`,`last_update`)
Values
('80','Russian Federation','2006-02-15 04:44:00.000')
;
Insert into country
 (`country_id`,`country`,`last_update`)
Values
('81','Saint Vincent and the Grenadines','2006-02-15 04:44:00.000')
;
Insert into country
 (`country_id`,`country`,`last_update`)
Values
('82','Saudi Arabia','2006-02-15 04:44:00.000')
;
Insert into country
 (`country_id`,`country`,`last_update`)
Values
('83','Senegal','2006-02-15 04:44:00.000')
;
Insert into country
 (`country_id`,`country`,`last_update`)
Values
('84','Slovakia','2006-02-15 04:44:00.000')
;
Insert into country
 (`country_id`,`country`,`last_update`)
Values
('85','South Africa','2006-02-15 04:44:00.000')
;
Insert into country
 (`country_id`,`country`,`last_update`)
Values
('86','South Korea','2006-02-15 04:44:00.000')
;
Insert into country
 (`country_id`,`country`,`last_update`)
Values
('87','Spain','2006-02-15 04:44:00.000')
;
Insert into country
 (`country_id`,`country`,`last_update`)
Values
('88','Sri Lanka','2006-02-15 04:44:00.000')
;
Insert into country
 (`country_id`,`country`,`last_update`)
Values
('89','Sudan','2006-02-15 04:44:00.000')
;
Insert into country
 (`country_id`,`country`,`last_update`)
Values
('90','Sweden','2006-02-15 04:44:00.000')
;
Insert into country
 (`country_id`,`country`,`last_update`)
Values
('91','Switzerland','2006-02-15 04:44:00.000')
;
Insert into country
 (`country_id`,`country`,`last_update`)
Values
('92','Taiwan','2006-02-15 04:44:00.000')
;
Insert into country
 (`country_id`,`country`,`last_update`)
Values
('93','Tanzania','2006-02-15 04:44:00.000')
;
Insert into country
 (`country_id`,`country`,`last_update`)
Values
('94','Thailand','2006-02-15 04:44:00.000')
;
Insert into country
 (`country_id`,`country`,`last_update`)
Values
('95','Tonga','2006-02-15 04:44:00.000')
;
Insert into country
 (`country_id`,`country`,`last_update`)
Values
('96','Tunisia','2006-02-15 04:44:00.000')
;
Insert into country
 (`country_id`,`country`,`last_update`)
Values
('97','Turkey','2006-02-15 04:44:00.000')
;
Insert into country
 (`country_id`,`country`,`last_update`)
Values
('98','Turkmenistan','2006-02-15 04:44:00.000')
;
Insert into country
 (`country_id`,`country`,`last_update`)
Values
('99','Tuvalu','2006-02-15 04:44:00.000')
;
Insert into country
 (`country_id`,`country`,`last_update`)
Values
('100','Ukraine','2006-02-15 04:44:00.000')
;
Insert into country
 (`country_id`,`country`,`last_update`)
Values
('101','United Arab Emirates','2006-02-15 04:44:00.000')
;
Insert into country
 (`country_id`,`country`,`last_update`)
Values
('102','United Kingdom','2006-02-15 04:44:00.000')
;
Insert into country
 (`country_id`,`country`,`last_update`)
Values
('103','United States','2006-02-15 04:44:00.000')
;
Insert into country
 (`country_id`,`country`,`last_update`)
Values
('104','Venezuela','2006-02-15 04:44:00.000')
;
Insert into country
 (`country_id`,`country`,`last_update`)
Values
('105','Vietnam','2006-02-15 04:44:00.000')
;
Insert into country
 (`country_id`,`country`,`last_update`)
Values
('106','Virgin Islands, U.S.','2006-02-15 04:44:00.000')
;
Insert into country
 (`country_id`,`country`,`last_update`)
Values
('107','Yemen','2006-02-15 04:44:00.000')
;
Insert into country
 (`country_id`,`country`,`last_update`)
Values
('108','Yugoslavia','2006-02-15 04:44:00.000')
;
Insert into country
 (`country_id`,`country`,`last_update`)
Values
('109','Zambia','2006-02-15 04:44:00.000')
;
-- End of Script
--
--
-- Automatically generated by Advanced ETl Processor
-- http://www.etl-tools.com/
-- table city
-- Start of script

Insert into city
 (`city_id`,`city`,`country_id`,`last_update`)
Values
('1','A Corua (La Corua)','87','2006-02-15 04:45:25.000')
;
Insert into city
 (`city_id`,`city`,`country_id`,`last_update`)
Values
('2','Abha','82','2006-02-15 04:45:25.000')
;
Insert into city
 (`city_id`,`city`,`country_id`,`last_update`)
Values
('3','Abu Dhabi','101','2006-02-15 04:45:25.000')
;
Insert into city
 (`city_id`,`city`,`country_id`,`last_update`)
Values
('4','Acua','60','2006-02-15 04:45:25.000')
;
Insert into city
 (`city_id`,`city`,`country_id`,`last_update`)
Values
('5','Adana','97','2006-02-15 04:45:25.000')
;
Insert into city
 (`city_id`,`city`,`country_id`,`last_update`)
Values
('6','Addis Abeba','31','2006-02-15 04:45:25.000')
;
Insert into city
 (`city_id`,`city`,`country_id`,`last_update`)
Values
('7','Aden','107','2006-02-15 04:45:25.000')
;
Insert into city
 (`city_id`,`city`,`country_id`,`last_update`)
Values
('8','Adoni','44','2006-02-15 04:45:25.000')
;
Insert into city
 (`city_id`,`city`,`country_id`,`last_update`)
Values
('9','Ahmadnagar','44','2006-02-15 04:45:25.000')
;
Insert into city
 (`city_id`,`city`,`country_id`,`last_update`)
Values
('10','Akishima','50','2006-02-15 04:45:25.000')
;
Insert into city
 (`city_id`,`city`,`country_id`,`last_update`)
Values
('11','Akron','103','2006-02-15 04:45:25.000')
;
Insert into city
 (`city_id`,`city`,`country_id`,`last_update`)
Values
('12','al-Ayn','101','2006-02-15 04:45:25.000')
;
Insert into city
 (`city_id`,`city`,`country_id`,`last_update`)
Values
('13','al-Hawiya','82','2006-02-15 04:45:25.000')
;
Insert into city
 (`city_id`,`city`,`country_id`,`last_update`)
Values
('14','al-Manama','11','2006-02-15 04:45:25.000')
;
Insert into city
 (`city_id`,`city`,`country_id`,`last_update`)
Values
('15','al-Qadarif','89','2006-02-15 04:45:25.000')
;
Insert into city
 (`city_id`,`city`,`country_id`,`last_update`)
Values
('16','al-Qatif','82','2006-02-15 04:45:25.000')
;
Insert into city
 (`city_id`,`city`,`country_id`,`last_update`)
Values
('17','Alessandria','49','2006-02-15 04:45:25.000')
;
Insert into city
 (`city_id`,`city`,`country_id`,`last_update`)
Values
('18','Allappuzha (Alleppey)','44','2006-02-15 04:45:25.000')
;
Insert into city
 (`city_id`,`city`,`country_id`,`last_update`)
Values
('19','Allende','60','2006-02-15 04:45:25.000')
;
Insert into city
 (`city_id`,`city`,`country_id`,`last_update`)
Values
('20','Almirante Brown','6','2006-02-15 04:45:25.000')
;
Insert into city
 (`city_id`,`city`,`country_id`,`last_update`)
Values
('21','Alvorada','15','2006-02-15 04:45:25.000')
;
Insert into city
 (`city_id`,`city`,`country_id`,`last_update`)
Values
('22','Ambattur','44','2006-02-15 04:45:25.000')
;
Insert into city
 (`city_id`,`city`,`country_id`,`last_update`)
Values
('23','Amersfoort','67','2006-02-15 04:45:25.000')
;
Insert into city
 (`city_id`,`city`,`country_id`,`last_update`)
Values
('24','Amroha','44','2006-02-15 04:45:25.000')
;
Insert into city
 (`city_id`,`city`,`country_id`,`last_update`)
Values
('25','Angra dos Reis','15','2006-02-15 04:45:25.000')
;
Insert into city
 (`city_id`,`city`,`country_id`,`last_update`)
Values
('26','Anpolis','15','2006-02-15 04:45:25.000')
;
Insert into city
 (`city_id`,`city`,`country_id`,`last_update`)
Values
('27','Antofagasta','22','2006-02-15 04:45:25.000')
;
Insert into city
 (`city_id`,`city`,`country_id`,`last_update`)
Values
('28','Aparecida de Goinia','15','2006-02-15 04:45:25.000')
;
Insert into city
 (`city_id`,`city`,`country_id`,`last_update`)
Values
('29','Apeldoorn','67','2006-02-15 04:45:25.000')
;
Insert into city
 (`city_id`,`city`,`country_id`,`last_update`)
Values
('30','Araatuba','15','2006-02-15 04:45:25.000')
;
Insert into city
 (`city_id`,`city`,`country_id`,`last_update`)
Values
('31','Arak','46','2006-02-15 04:45:25.000')
;
Insert into city
 (`city_id`,`city`,`country_id`,`last_update`)
Values
('32','Arecibo','77','2006-02-15 04:45:25.000')
;
Insert into city
 (`city_id`,`city`,`country_id`,`last_update`)
Values
('33','Arlington','103','2006-02-15 04:45:25.000')
;
Insert into city
 (`city_id`,`city`,`country_id`,`last_update`)
Values
('34','Ashdod','48','2006-02-15 04:45:25.000')
;
Insert into city
 (`city_id`,`city`,`country_id`,`last_update`)
Values
('35','Ashgabat','98','2006-02-15 04:45:25.000')
;
Insert into city
 (`city_id`,`city`,`country_id`,`last_update`)
Values
('36','Ashqelon','48','2006-02-15 04:45:25.000')
;
Insert into city
 (`city_id`,`city`,`country_id`,`last_update`)
Values
('37','Asuncin','73','2006-02-15 04:45:25.000')
;
Insert into city
 (`city_id`,`city`,`country_id`,`last_update`)
Values
('38','Athenai','39','2006-02-15 04:45:25.000')
;
Insert into city
 (`city_id`,`city`,`country_id`,`last_update`)
Values
('39','Atinsk','80','2006-02-15 04:45:25.000')
;
Insert into city
 (`city_id`,`city`,`country_id`,`last_update`)
Values
('40','Atlixco','60','2006-02-15 04:45:25.000')
;
Insert into city
 (`city_id`,`city`,`country_id`,`last_update`)
Values
('41','Augusta-Richmond County','103','2006-02-15 04:45:25.000')
;
Insert into city
 (`city_id`,`city`,`country_id`,`last_update`)
Values
('42','Aurora','103','2006-02-15 04:45:25.000')
;
Insert into city
 (`city_id`,`city`,`country_id`,`last_update`)
Values
('43','Avellaneda','6','2006-02-15 04:45:25.000')
;
Insert into city
 (`city_id`,`city`,`country_id`,`last_update`)
Values
('44','Bag','15','2006-02-15 04:45:25.000')
;
Insert into city
 (`city_id`,`city`,`country_id`,`last_update`)
Values
('45','Baha Blanca','6','2006-02-15 04:45:25.000')
;
Insert into city
 (`city_id`,`city`,`country_id`,`last_update`)
Values
('46','Baicheng','23','2006-02-15 04:45:25.000')
;
Insert into city
 (`city_id`,`city`,`country_id`,`last_update`)
Values
('47','Baiyin','23','2006-02-15 04:45:25.000')
;
Insert into city
 (`city_id`,`city`,`country_id`,`last_update`)
Values
('48','Baku','10','2006-02-15 04:45:25.000')
;
Insert into city
 (`city_id`,`city`,`country_id`,`last_update`)
Values
('49','Balaiha','80','2006-02-15 04:45:25.000')
;
Insert into city
 (`city_id`,`city`,`country_id`,`last_update`)
Values
('50','Balikesir','97','2006-02-15 04:45:25.000')
;
Insert into city
 (`city_id`,`city`,`country_id`,`last_update`)
Values
('51','Balurghat','44','2006-02-15 04:45:25.000')
;
Insert into city
 (`city_id`,`city`,`country_id`,`last_update`)
Values
('52','Bamenda','19','2006-02-15 04:45:25.000')
;
Insert into city
 (`city_id`,`city`,`country_id`,`last_update`)
Values
('53','Bandar Seri Begawan','16','2006-02-15 04:45:25.000')
;
Insert into city
 (`city_id`,`city`,`country_id`,`last_update`)
Values
('54','Banjul','37','2006-02-15 04:45:25.000')
;
Insert into city
 (`city_id`,`city`,`country_id`,`last_update`)
Values
('55','Barcelona','104','2006-02-15 04:45:25.000')
;
Insert into city
 (`city_id`,`city`,`country_id`,`last_update`)
Values
('56','Basel','91','2006-02-15 04:45:25.000')
;
Insert into city
 (`city_id`,`city`,`country_id`,`last_update`)
Values
('57','Bat Yam','48','2006-02-15 04:45:25.000')
;
Insert into city
 (`city_id`,`city`,`country_id`,`last_update`)
Values
('58','Batman','97','2006-02-15 04:45:25.000')
;
Insert into city
 (`city_id`,`city`,`country_id`,`last_update`)
Values
('59','Batna','2','2006-02-15 04:45:25.000')
;
Insert into city
 (`city_id`,`city`,`country_id`,`last_update`)
Values
('60','Battambang','18','2006-02-15 04:45:25.000')
;
Insert into city
 (`city_id`,`city`,`country_id`,`last_update`)
Values
('61','Baybay','75','2006-02-15 04:45:25.000')
;
Insert into city
 (`city_id`,`city`,`country_id`,`last_update`)
Values
('62','Bayugan','75','2006-02-15 04:45:25.000')
;
Insert into city
 (`city_id`,`city`,`country_id`,`last_update`)
Values
('63','Bchar','2','2006-02-15 04:45:25.000')
;
Insert into city
 (`city_id`,`city`,`country_id`,`last_update`)
Values
('64','Beira','63','2006-02-15 04:45:25.000')
;
Insert into city
 (`city_id`,`city`,`country_id`,`last_update`)
Values
('65','Bellevue','103','2006-02-15 04:45:25.000')
;
Insert into city
 (`city_id`,`city`,`country_id`,`last_update`)
Values
('66','Belm','15','2006-02-15 04:45:25.000')
;
Insert into city
 (`city_id`,`city`,`country_id`,`last_update`)
Values
('67','Benguela','4','2006-02-15 04:45:25.000')
;
Insert into city
 (`city_id`,`city`,`country_id`,`last_update`)
Values
('68','Beni-Mellal','62','2006-02-15 04:45:25.000')
;
Insert into city
 (`city_id`,`city`,`country_id`,`last_update`)
Values
('69','Benin City','69','2006-02-15 04:45:25.000')
;
Insert into city
 (`city_id`,`city`,`country_id`,`last_update`)
Values
('70','Bergamo','49','2006-02-15 04:45:25.000')
;
Insert into city
 (`city_id`,`city`,`country_id`,`last_update`)
Values
('71','Berhampore (Baharampur)','44','2006-02-15 04:45:25.000')
;
Insert into city
 (`city_id`,`city`,`country_id`,`last_update`)
Values
('72','Bern','91','2006-02-15 04:45:25.000')
;
Insert into city
 (`city_id`,`city`,`country_id`,`last_update`)
Values
('73','Bhavnagar','44','2006-02-15 04:45:25.000')
;
Insert into city
 (`city_id`,`city`,`country_id`,`last_update`)
Values
('74','Bhilwara','44','2006-02-15 04:45:25.000')
;
Insert into city
 (`city_id`,`city`,`country_id`,`last_update`)
Values
('75','Bhimavaram','44','2006-02-15 04:45:25.000')
;
Insert into city
 (`city_id`,`city`,`country_id`,`last_update`)
Values
('76','Bhopal','44','2006-02-15 04:45:25.000')
;
Insert into city
 (`city_id`,`city`,`country_id`,`last_update`)
Values
('77','Bhusawal','44','2006-02-15 04:45:25.000')
;
Insert into city
 (`city_id`,`city`,`country_id`,`last_update`)
Values
('78','Bijapur','44','2006-02-15 04:45:25.000')
;
Insert into city
 (`city_id`,`city`,`country_id`,`last_update`)
Values
('79','Bilbays','29','2006-02-15 04:45:25.000')
;
Insert into city
 (`city_id`,`city`,`country_id`,`last_update`)
Values
('80','Binzhou','23','2006-02-15 04:45:25.000')
;
Insert into city
 (`city_id`,`city`,`country_id`,`last_update`)
Values
('81','Birgunj','66','2006-02-15 04:45:25.000')
;
Insert into city
 (`city_id`,`city`,`country_id`,`last_update`)
Values
('82','Bislig','75','2006-02-15 04:45:25.000')
;
Insert into city
 (`city_id`,`city`,`country_id`,`last_update`)
Values
('83','Blumenau','15','2006-02-15 04:45:25.000')
;
Insert into city
 (`city_id`,`city`,`country_id`,`last_update`)
Values
('84','Boa Vista','15','2006-02-15 04:45:25.000')
;
Insert into city
 (`city_id`,`city`,`country_id`,`last_update`)
Values
('85','Boksburg','85','2006-02-15 04:45:25.000')
;
Insert into city
 (`city_id`,`city`,`country_id`,`last_update`)
Values
('86','Botosani','78','2006-02-15 04:45:25.000')
;
Insert into city
 (`city_id`,`city`,`country_id`,`last_update`)
Values
('87','Botshabelo','85','2006-02-15 04:45:25.000')
;
Insert into city
 (`city_id`,`city`,`country_id`,`last_update`)
Values
('88','Bradford','102','2006-02-15 04:45:25.000')
;
Insert into city
 (`city_id`,`city`,`country_id`,`last_update`)
Values
('89','Braslia','15','2006-02-15 04:45:25.000')
;
Insert into city
 (`city_id`,`city`,`country_id`,`last_update`)
Values
('90','Bratislava','84','2006-02-15 04:45:25.000')
;
Insert into city
 (`city_id`,`city`,`country_id`,`last_update`)
Values
('91','Brescia','49','2006-02-15 04:45:25.000')
;
Insert into city
 (`city_id`,`city`,`country_id`,`last_update`)
Values
('92','Brest','34','2006-02-15 04:45:25.000')
;
Insert into city
 (`city_id`,`city`,`country_id`,`last_update`)
Values
('93','Brindisi','49','2006-02-15 04:45:25.000')
;
Insert into city
 (`city_id`,`city`,`country_id`,`last_update`)
Values
('94','Brockton','103','2006-02-15 04:45:25.000')
;
Insert into city
 (`city_id`,`city`,`country_id`,`last_update`)
Values
('95','Bucuresti','78','2006-02-15 04:45:25.000')
;
Insert into city
 (`city_id`,`city`,`country_id`,`last_update`)
Values
('96','Buenaventura','24','2006-02-15 04:45:25.000')
;
Insert into city
 (`city_id`,`city`,`country_id`,`last_update`)
Values
('97','Bydgoszcz','76','2006-02-15 04:45:25.000')
;
Insert into city
 (`city_id`,`city`,`country_id`,`last_update`)
Values
('98','Cabuyao','75','2006-02-15 04:45:25.000')
;
Insert into city
 (`city_id`,`city`,`country_id`,`last_update`)
Values
('99','Callao','74','2006-02-15 04:45:25.000')
;
Insert into city
 (`city_id`,`city`,`country_id`,`last_update`)
Values
('100','Cam Ranh','105','2006-02-15 04:45:25.000')
;
Insert into city
 (`city_id`,`city`,`country_id`,`last_update`)
Values
('101','Cape Coral','103','2006-02-15 04:45:25.000')
;
Insert into city
 (`city_id`,`city`,`country_id`,`last_update`)
Values
('102','Caracas','104','2006-02-15 04:45:25.000')
;
Insert into city
 (`city_id`,`city`,`country_id`,`last_update`)
Values
('103','Carmen','60','2006-02-15 04:45:25.000')
;
Insert into city
 (`city_id`,`city`,`country_id`,`last_update`)
Values
('104','Cavite','75','2006-02-15 04:45:25.000')
;
Insert into city
 (`city_id`,`city`,`country_id`,`last_update`)
Values
('105','Cayenne','35','2006-02-15 04:45:25.000')
;
Insert into city
 (`city_id`,`city`,`country_id`,`last_update`)
Values
('106','Celaya','60','2006-02-15 04:45:25.000')
;
Insert into city
 (`city_id`,`city`,`country_id`,`last_update`)
Values
('107','Chandrapur','44','2006-02-15 04:45:25.000')
;
Insert into city
 (`city_id`,`city`,`country_id`,`last_update`)
Values
('108','Changhwa','92','2006-02-15 04:45:25.000')
;
Insert into city
 (`city_id`,`city`,`country_id`,`last_update`)
Values
('109','Changzhou','23','2006-02-15 04:45:25.000')
;
Insert into city
 (`city_id`,`city`,`country_id`,`last_update`)
Values
('110','Chapra','44','2006-02-15 04:45:25.000')
;
Insert into city
 (`city_id`,`city`,`country_id`,`last_update`)
Values
('111','Charlotte Amalie','106','2006-02-15 04:45:25.000')
;
Insert into city
 (`city_id`,`city`,`country_id`,`last_update`)
Values
('112','Chatsworth','85','2006-02-15 04:45:25.000')
;
Insert into city
 (`city_id`,`city`,`country_id`,`last_update`)
Values
('113','Cheju','86','2006-02-15 04:45:25.000')
;
Insert into city
 (`city_id`,`city`,`country_id`,`last_update`)
Values
('114','Chiayi','92','2006-02-15 04:45:25.000')
;
Insert into city
 (`city_id`,`city`,`country_id`,`last_update`)
Values
('115','Chisinau','61','2006-02-15 04:45:25.000')
;
Insert into city
 (`city_id`,`city`,`country_id`,`last_update`)
Values
('116','Chungho','92','2006-02-15 04:45:25.000')
;
Insert into city
 (`city_id`,`city`,`country_id`,`last_update`)
Values
('117','Cianjur','45','2006-02-15 04:45:25.000')
;
Insert into city
 (`city_id`,`city`,`country_id`,`last_update`)
Values
('118','Ciomas','45','2006-02-15 04:45:25.000')
;
Insert into city
 (`city_id`,`city`,`country_id`,`last_update`)
Values
('119','Ciparay','45','2006-02-15 04:45:25.000')
;
Insert into city
 (`city_id`,`city`,`country_id`,`last_update`)
Values
('120','Citrus Heights','103','2006-02-15 04:45:25.000')
;
Insert into city
 (`city_id`,`city`,`country_id`,`last_update`)
Values
('121','Citt del Vaticano','41','2006-02-15 04:45:25.000')
;
Insert into city
 (`city_id`,`city`,`country_id`,`last_update`)
Values
('122','Ciudad del Este','73','2006-02-15 04:45:25.000')
;
Insert into city
 (`city_id`,`city`,`country_id`,`last_update`)
Values
('123','Clarksville','103','2006-02-15 04:45:25.000')
;
Insert into city
 (`city_id`,`city`,`country_id`,`last_update`)
Values
('124','Coacalco de Berriozbal','60','2006-02-15 04:45:25.000')
;
Insert into city
 (`city_id`,`city`,`country_id`,`last_update`)
Values
('125','Coatzacoalcos','60','2006-02-15 04:45:25.000')
;
Insert into city
 (`city_id`,`city`,`country_id`,`last_update`)
Values
('126','Compton','103','2006-02-15 04:45:25.000')
;
Insert into city
 (`city_id`,`city`,`country_id`,`last_update`)
Values
('127','Coquimbo','22','2006-02-15 04:45:25.000')
;
Insert into city
 (`city_id`,`city`,`country_id`,`last_update`)
Values
('128','Crdoba','6','2006-02-15 04:45:25.000')
;
Insert into city
 (`city_id`,`city`,`country_id`,`last_update`)
Values
('129','Cuauhtmoc','60','2006-02-15 04:45:25.000')
;
Insert into city
 (`city_id`,`city`,`country_id`,`last_update`)
Values
('130','Cuautla','60','2006-02-15 04:45:25.000')
;
Insert into city
 (`city_id`,`city`,`country_id`,`last_update`)
Values
('131','Cuernavaca','60','2006-02-15 04:45:25.000')
;
Insert into city
 (`city_id`,`city`,`country_id`,`last_update`)
Values
('132','Cuman','104','2006-02-15 04:45:25.000')
;
Insert into city
 (`city_id`,`city`,`country_id`,`last_update`)
Values
('133','Czestochowa','76','2006-02-15 04:45:25.000')
;
Insert into city
 (`city_id`,`city`,`country_id`,`last_update`)
Values
('134','Dadu','72','2006-02-15 04:45:25.000')
;
Insert into city
 (`city_id`,`city`,`country_id`,`last_update`)
Values
('135','Dallas','103','2006-02-15 04:45:25.000')
;
Insert into city
 (`city_id`,`city`,`country_id`,`last_update`)
Values
('136','Datong','23','2006-02-15 04:45:25.000')
;
Insert into city
 (`city_id`,`city`,`country_id`,`last_update`)
Values
('137','Daugavpils','54','2006-02-15 04:45:25.000')
;
Insert into city
 (`city_id`,`city`,`country_id`,`last_update`)
Values
('138','Davao','75','2006-02-15 04:45:25.000')
;
Insert into city
 (`city_id`,`city`,`country_id`,`last_update`)
Values
('139','Daxian','23','2006-02-15 04:45:25.000')
;
Insert into city
 (`city_id`,`city`,`country_id`,`last_update`)
Values
('140','Dayton','103','2006-02-15 04:45:25.000')
;
Insert into city
 (`city_id`,`city`,`country_id`,`last_update`)
Values
('141','Deba Habe','69','2006-02-15 04:45:25.000')
;
Insert into city
 (`city_id`,`city`,`country_id`,`last_update`)
Values
('142','Denizli','97','2006-02-15 04:45:25.000')
;
Insert into city
 (`city_id`,`city`,`country_id`,`last_update`)
Values
('143','Dhaka','12','2006-02-15 04:45:25.000')
;
Insert into city
 (`city_id`,`city`,`country_id`,`last_update`)
Values
('144','Dhule (Dhulia)','44','2006-02-15 04:45:25.000')
;
Insert into city
 (`city_id`,`city`,`country_id`,`last_update`)
Values
('145','Dongying','23','2006-02-15 04:45:25.000')
;
Insert into city
 (`city_id`,`city`,`country_id`,`last_update`)
Values
('146','Donostia-San Sebastin','87','2006-02-15 04:45:25.000')
;
Insert into city
 (`city_id`,`city`,`country_id`,`last_update`)
Values
('147','Dos Quebradas','24','2006-02-15 04:45:25.000')
;
Insert into city
 (`city_id`,`city`,`country_id`,`last_update`)
Values
('148','Duisburg','38','2006-02-15 04:45:25.000')
;
Insert into city
 (`city_id`,`city`,`country_id`,`last_update`)
Values
('149','Dundee','102','2006-02-15 04:45:25.000')
;
Insert into city
 (`city_id`,`city`,`country_id`,`last_update`)
Values
('150','Dzerzinsk','80','2006-02-15 04:45:25.000')
;
Insert into city
 (`city_id`,`city`,`country_id`,`last_update`)
Values
('151','Ede','67','2006-02-15 04:45:25.000')
;
Insert into city
 (`city_id`,`city`,`country_id`,`last_update`)
Values
('152','Effon-Alaiye','69','2006-02-15 04:45:25.000')
;
Insert into city
 (`city_id`,`city`,`country_id`,`last_update`)
Values
('153','El Alto','14','2006-02-15 04:45:25.000')
;
Insert into city
 (`city_id`,`city`,`country_id`,`last_update`)
Values
('154','El Fuerte','60','2006-02-15 04:45:25.000')
;
Insert into city
 (`city_id`,`city`,`country_id`,`last_update`)
Values
('155','El Monte','103','2006-02-15 04:45:25.000')
;
Insert into city
 (`city_id`,`city`,`country_id`,`last_update`)
Values
('156','Elista','80','2006-02-15 04:45:25.000')
;
Insert into city
 (`city_id`,`city`,`country_id`,`last_update`)
Values
('157','Emeishan','23','2006-02-15 04:45:25.000')
;
Insert into city
 (`city_id`,`city`,`country_id`,`last_update`)
Values
('158','Emmen','67','2006-02-15 04:45:25.000')
;
Insert into city
 (`city_id`,`city`,`country_id`,`last_update`)
Values
('159','Enshi','23','2006-02-15 04:45:25.000')
;
Insert into city
 (`city_id`,`city`,`country_id`,`last_update`)
Values
('160','Erlangen','38','2006-02-15 04:45:25.000')
;
Insert into city
 (`city_id`,`city`,`country_id`,`last_update`)
Values
('161','Escobar','6','2006-02-15 04:45:25.000')
;
Insert into city
 (`city_id`,`city`,`country_id`,`last_update`)
Values
('162','Esfahan','46','2006-02-15 04:45:25.000')
;
Insert into city
 (`city_id`,`city`,`country_id`,`last_update`)
Values
('163','Eskisehir','97','2006-02-15 04:45:25.000')
;
Insert into city
 (`city_id`,`city`,`country_id`,`last_update`)
Values
('164','Etawah','44','2006-02-15 04:45:25.000')
;
Insert into city
 (`city_id`,`city`,`country_id`,`last_update`)
Values
('165','Ezeiza','6','2006-02-15 04:45:25.000')
;
Insert into city
 (`city_id`,`city`,`country_id`,`last_update`)
Values
('166','Ezhou','23','2006-02-15 04:45:25.000')
;
Insert into city
 (`city_id`,`city`,`country_id`,`last_update`)
Values
('167','Faaa','36','2006-02-15 04:45:25.000')
;
Insert into city
 (`city_id`,`city`,`country_id`,`last_update`)
Values
('168','Fengshan','92','2006-02-15 04:45:25.000')
;
Insert into city
 (`city_id`,`city`,`country_id`,`last_update`)
Values
('169','Firozabad','44','2006-02-15 04:45:25.000')
;
Insert into city
 (`city_id`,`city`,`country_id`,`last_update`)
Values
('170','Florencia','24','2006-02-15 04:45:25.000')
;
Insert into city
 (`city_id`,`city`,`country_id`,`last_update`)
Values
('171','Fontana','103','2006-02-15 04:45:25.000')
;
Insert into city
 (`city_id`,`city`,`country_id`,`last_update`)
Values
('172','Fukuyama','50','2006-02-15 04:45:25.000')
;
Insert into city
 (`city_id`,`city`,`country_id`,`last_update`)
Values
('173','Funafuti','99','2006-02-15 04:45:25.000')
;
Insert into city
 (`city_id`,`city`,`country_id`,`last_update`)
Values
('174','Fuyu','23','2006-02-15 04:45:25.000')
;
Insert into city
 (`city_id`,`city`,`country_id`,`last_update`)
Values
('175','Fuzhou','23','2006-02-15 04:45:25.000')
;
Insert into city
 (`city_id`,`city`,`country_id`,`last_update`)
Values
('176','Gandhinagar','44','2006-02-15 04:45:25.000')
;
Insert into city
 (`city_id`,`city`,`country_id`,`last_update`)
Values
('177','Garden Grove','103','2006-02-15 04:45:25.000')
;
Insert into city
 (`city_id`,`city`,`country_id`,`last_update`)
Values
('178','Garland','103','2006-02-15 04:45:25.000')
;
Insert into city
 (`city_id`,`city`,`country_id`,`last_update`)
Values
('179','Gatineau','20','2006-02-15 04:45:25.000')
;
Insert into city
 (`city_id`,`city`,`country_id`,`last_update`)
Values
('180','Gaziantep','97','2006-02-15 04:45:25.000')
;
Insert into city
 (`city_id`,`city`,`country_id`,`last_update`)
Values
('181','Gijn','87','2006-02-15 04:45:25.000')
;
Insert into city
 (`city_id`,`city`,`country_id`,`last_update`)
Values
('182','Gingoog','75','2006-02-15 04:45:25.000')
;
Insert into city
 (`city_id`,`city`,`country_id`,`last_update`)
Values
('183','Goinia','15','2006-02-15 04:45:25.000')
;
Insert into city
 (`city_id`,`city`,`country_id`,`last_update`)
Values
('184','Gorontalo','45','2006-02-15 04:45:25.000')
;
Insert into city
 (`city_id`,`city`,`country_id`,`last_update`)
Values
('185','Grand Prairie','103','2006-02-15 04:45:25.000')
;
Insert into city
 (`city_id`,`city`,`country_id`,`last_update`)
Values
('186','Graz','9','2006-02-15 04:45:25.000')
;
Insert into city
 (`city_id`,`city`,`country_id`,`last_update`)
Values
('187','Greensboro','103','2006-02-15 04:45:25.000')
;
Insert into city
 (`city_id`,`city`,`country_id`,`last_update`)
Values
('188','Guadalajara','60','2006-02-15 04:45:25.000')
;
Insert into city
 (`city_id`,`city`,`country_id`,`last_update`)
Values
('189','Guaruj','15','2006-02-15 04:45:25.000')
;
Insert into city
 (`city_id`,`city`,`country_id`,`last_update`)
Values
('190','guas Lindas de Gois','15','2006-02-15 04:45:25.000')
;
Insert into city
 (`city_id`,`city`,`country_id`,`last_update`)
Values
('191','Gulbarga','44','2006-02-15 04:45:25.000')
;
Insert into city
 (`city_id`,`city`,`country_id`,`last_update`)
Values
('192','Hagonoy','75','2006-02-15 04:45:25.000')
;
Insert into city
 (`city_id`,`city`,`country_id`,`last_update`)
Values
('193','Haining','23','2006-02-15 04:45:25.000')
;
Insert into city
 (`city_id`,`city`,`country_id`,`last_update`)
Values
('194','Haiphong','105','2006-02-15 04:45:25.000')
;
Insert into city
 (`city_id`,`city`,`country_id`,`last_update`)
Values
('195','Haldia','44','2006-02-15 04:45:25.000')
;
Insert into city
 (`city_id`,`city`,`country_id`,`last_update`)
Values
('196','Halifax','20','2006-02-15 04:45:25.000')
;
Insert into city
 (`city_id`,`city`,`country_id`,`last_update`)
Values
('197','Halisahar','44','2006-02-15 04:45:25.000')
;
Insert into city
 (`city_id`,`city`,`country_id`,`last_update`)
Values
('198','Halle/Saale','38','2006-02-15 04:45:25.000')
;
Insert into city
 (`city_id`,`city`,`country_id`,`last_update`)
Values
('199','Hami','23','2006-02-15 04:45:25.000')
;
Insert into city
 (`city_id`,`city`,`country_id`,`last_update`)
Values
('200','Hamilton','68','2006-02-15 04:45:25.000')
;
Insert into city
 (`city_id`,`city`,`country_id`,`last_update`)
Values
('201','Hanoi','105','2006-02-15 04:45:25.000')
;
Insert into city
 (`city_id`,`city`,`country_id`,`last_update`)
Values
('202','Hidalgo','60','2006-02-15 04:45:25.000')
;
Insert into city
 (`city_id`,`city`,`country_id`,`last_update`)
Values
('203','Higashiosaka','50','2006-02-15 04:45:25.000')
;
Insert into city
 (`city_id`,`city`,`country_id`,`last_update`)
Values
('204','Hino','50','2006-02-15 04:45:25.000')
;
Insert into city
 (`city_id`,`city`,`country_id`,`last_update`)
Values
('205','Hiroshima','50','2006-02-15 04:45:25.000')
;
Insert into city
 (`city_id`,`city`,`country_id`,`last_update`)
Values
('206','Hodeida','107','2006-02-15 04:45:25.000')
;
Insert into city
 (`city_id`,`city`,`country_id`,`last_update`)
Values
('207','Hohhot','23','2006-02-15 04:45:25.000')
;
Insert into city
 (`city_id`,`city`,`country_id`,`last_update`)
Values
('208','Hoshiarpur','44','2006-02-15 04:45:25.000')
;
Insert into city
 (`city_id`,`city`,`country_id`,`last_update`)
Values
('209','Hsichuh','92','2006-02-15 04:45:25.000')
;
Insert into city
 (`city_id`,`city`,`country_id`,`last_update`)
Values
('210','Huaian','23','2006-02-15 04:45:25.000')
;
Insert into city
 (`city_id`,`city`,`country_id`,`last_update`)
Values
('211','Hubli-Dharwad','44','2006-02-15 04:45:25.000')
;
Insert into city
 (`city_id`,`city`,`country_id`,`last_update`)
Values
('212','Huejutla de Reyes','60','2006-02-15 04:45:25.000')
;
Insert into city
 (`city_id`,`city`,`country_id`,`last_update`)
Values
('213','Huixquilucan','60','2006-02-15 04:45:25.000')
;
Insert into city
 (`city_id`,`city`,`country_id`,`last_update`)
Values
('214','Hunuco','74','2006-02-15 04:45:25.000')
;
Insert into city
 (`city_id`,`city`,`country_id`,`last_update`)
Values
('215','Ibirit','15','2006-02-15 04:45:25.000')
;
Insert into city
 (`city_id`,`city`,`country_id`,`last_update`)
Values
('216','Idfu','29','2006-02-15 04:45:25.000')
;
Insert into city
 (`city_id`,`city`,`country_id`,`last_update`)
Values
('217','Ife','69','2006-02-15 04:45:25.000')
;
Insert into city
 (`city_id`,`city`,`country_id`,`last_update`)
Values
('218','Ikerre','69','2006-02-15 04:45:25.000')
;
Insert into city
 (`city_id`,`city`,`country_id`,`last_update`)
Values
('219','Iligan','75','2006-02-15 04:45:25.000')
;
Insert into city
 (`city_id`,`city`,`country_id`,`last_update`)
Values
('220','Ilorin','69','2006-02-15 04:45:25.000')
;
Insert into city
 (`city_id`,`city`,`country_id`,`last_update`)
Values
('221','Imus','75','2006-02-15 04:45:25.000')
;
Insert into city
 (`city_id`,`city`,`country_id`,`last_update`)
Values
('222','Inegl','97','2006-02-15 04:45:25.000')
;
Insert into city
 (`city_id`,`city`,`country_id`,`last_update`)
Values
('223','Ipoh','59','2006-02-15 04:45:25.000')
;
Insert into city
 (`city_id`,`city`,`country_id`,`last_update`)
Values
('224','Isesaki','50','2006-02-15 04:45:25.000')
;
Insert into city
 (`city_id`,`city`,`country_id`,`last_update`)
Values
('225','Ivanovo','80','2006-02-15 04:45:25.000')
;
Insert into city
 (`city_id`,`city`,`country_id`,`last_update`)
Values
('226','Iwaki','50','2006-02-15 04:45:25.000')
;
Insert into city
 (`city_id`,`city`,`country_id`,`last_update`)
Values
('227','Iwakuni','50','2006-02-15 04:45:25.000')
;
Insert into city
 (`city_id`,`city`,`country_id`,`last_update`)
Values
('228','Iwatsuki','50','2006-02-15 04:45:25.000')
;
Insert into city
 (`city_id`,`city`,`country_id`,`last_update`)
Values
('229','Izumisano','50','2006-02-15 04:45:25.000')
;
Insert into city
 (`city_id`,`city`,`country_id`,`last_update`)
Values
('230','Jaffna','88','2006-02-15 04:45:25.000')
;
Insert into city
 (`city_id`,`city`,`country_id`,`last_update`)
Values
('231','Jaipur','44','2006-02-15 04:45:25.000')
;
Insert into city
 (`city_id`,`city`,`country_id`,`last_update`)
Values
('232','Jakarta','45','2006-02-15 04:45:25.000')
;
Insert into city
 (`city_id`,`city`,`country_id`,`last_update`)
Values
('233','Jalib al-Shuyukh','53','2006-02-15 04:45:25.000')
;
Insert into city
 (`city_id`,`city`,`country_id`,`last_update`)
Values
('234','Jamalpur','12','2006-02-15 04:45:25.000')
;
Insert into city
 (`city_id`,`city`,`country_id`,`last_update`)
Values
('235','Jaroslavl','80','2006-02-15 04:45:25.000')
;
Insert into city
 (`city_id`,`city`,`country_id`,`last_update`)
Values
('236','Jastrzebie-Zdrj','76','2006-02-15 04:45:25.000')
;
Insert into city
 (`city_id`,`city`,`country_id`,`last_update`)
Values
('237','Jedda','82','2006-02-15 04:45:25.000')
;
Insert into city
 (`city_id`,`city`,`country_id`,`last_update`)
Values
('238','Jelets','80','2006-02-15 04:45:25.000')
;
Insert into city
 (`city_id`,`city`,`country_id`,`last_update`)
Values
('239','Jhansi','44','2006-02-15 04:45:25.000')
;
Insert into city
 (`city_id`,`city`,`country_id`,`last_update`)
Values
('240','Jinchang','23','2006-02-15 04:45:25.000')
;
Insert into city
 (`city_id`,`city`,`country_id`,`last_update`)
Values
('241','Jining','23','2006-02-15 04:45:25.000')
;
Insert into city
 (`city_id`,`city`,`country_id`,`last_update`)
Values
('242','Jinzhou','23','2006-02-15 04:45:25.000')
;
Insert into city
 (`city_id`,`city`,`country_id`,`last_update`)
Values
('243','Jodhpur','44','2006-02-15 04:45:25.000')
;
Insert into city
 (`city_id`,`city`,`country_id`,`last_update`)
Values
('244','Johannesburg','85','2006-02-15 04:45:25.000')
;
Insert into city
 (`city_id`,`city`,`country_id`,`last_update`)
Values
('245','Joliet','103','2006-02-15 04:45:25.000')
;
Insert into city
 (`city_id`,`city`,`country_id`,`last_update`)
Values
('246','Jos Azueta','60','2006-02-15 04:45:25.000')
;
Insert into city
 (`city_id`,`city`,`country_id`,`last_update`)
Values
('247','Juazeiro do Norte','15','2006-02-15 04:45:25.000')
;
Insert into city
 (`city_id`,`city`,`country_id`,`last_update`)
Values
('248','Juiz de Fora','15','2006-02-15 04:45:25.000')
;
Insert into city
 (`city_id`,`city`,`country_id`,`last_update`)
Values
('249','Junan','23','2006-02-15 04:45:25.000')
;
Insert into city
 (`city_id`,`city`,`country_id`,`last_update`)
Values
('250','Jurez','60','2006-02-15 04:45:25.000')
;
Insert into city
 (`city_id`,`city`,`country_id`,`last_update`)
Values
('251','Kabul','1','2006-02-15 04:45:25.000')
;
Insert into city
 (`city_id`,`city`,`country_id`,`last_update`)
Values
('252','Kaduna','69','2006-02-15 04:45:25.000')
;
Insert into city
 (`city_id`,`city`,`country_id`,`last_update`)
Values
('253','Kakamigahara','50','2006-02-15 04:45:25.000')
;
Insert into city
 (`city_id`,`city`,`country_id`,`last_update`)
Values
('254','Kaliningrad','80','2006-02-15 04:45:25.000')
;
Insert into city
 (`city_id`,`city`,`country_id`,`last_update`)
Values
('255','Kalisz','76','2006-02-15 04:45:25.000')
;
Insert into city
 (`city_id`,`city`,`country_id`,`last_update`)
Values
('256','Kamakura','50','2006-02-15 04:45:25.000')
;
Insert into city
 (`city_id`,`city`,`country_id`,`last_update`)
Values
('257','Kamarhati','44','2006-02-15 04:45:25.000')
;
Insert into city
 (`city_id`,`city`,`country_id`,`last_update`)
Values
('258','Kamjanets-Podilskyi','100','2006-02-15 04:45:25.000')
;
Insert into city
 (`city_id`,`city`,`country_id`,`last_update`)
Values
('259','Kamyin','80','2006-02-15 04:45:25.000')
;
Insert into city
 (`city_id`,`city`,`country_id`,`last_update`)
Values
('260','Kanazawa','50','2006-02-15 04:45:25.000')
;
Insert into city
 (`city_id`,`city`,`country_id`,`last_update`)
Values
('261','Kanchrapara','44','2006-02-15 04:45:25.000')
;
Insert into city
 (`city_id`,`city`,`country_id`,`last_update`)
Values
('262','Kansas City','103','2006-02-15 04:45:25.000')
;
Insert into city
 (`city_id`,`city`,`country_id`,`last_update`)
Values
('263','Karnal','44','2006-02-15 04:45:25.000')
;
Insert into city
 (`city_id`,`city`,`country_id`,`last_update`)
Values
('264','Katihar','44','2006-02-15 04:45:25.000')
;
Insert into city
 (`city_id`,`city`,`country_id`,`last_update`)
Values
('265','Kermanshah','46','2006-02-15 04:45:25.000')
;
Insert into city
 (`city_id`,`city`,`country_id`,`last_update`)
Values
('266','Kilis','97','2006-02-15 04:45:25.000')
;
Insert into city
 (`city_id`,`city`,`country_id`,`last_update`)
Values
('267','Kimberley','85','2006-02-15 04:45:25.000')
;
Insert into city
 (`city_id`,`city`,`country_id`,`last_update`)
Values
('268','Kimchon','86','2006-02-15 04:45:25.000')
;
Insert into city
 (`city_id`,`city`,`country_id`,`last_update`)
Values
('269','Kingstown','81','2006-02-15 04:45:25.000')
;
Insert into city
 (`city_id`,`city`,`country_id`,`last_update`)
Values
('270','Kirovo-Tepetsk','80','2006-02-15 04:45:25.000')
;
Insert into city
 (`city_id`,`city`,`country_id`,`last_update`)
Values
('271','Kisumu','52','2006-02-15 04:45:25.000')
;
Insert into city
 (`city_id`,`city`,`country_id`,`last_update`)
Values
('272','Kitwe','109','2006-02-15 04:45:25.000')
;
Insert into city
 (`city_id`,`city`,`country_id`,`last_update`)
Values
('273','Klerksdorp','85','2006-02-15 04:45:25.000')
;
Insert into city
 (`city_id`,`city`,`country_id`,`last_update`)
Values
('274','Kolpino','80','2006-02-15 04:45:25.000')
;
Insert into city
 (`city_id`,`city`,`country_id`,`last_update`)
Values
('275','Konotop','100','2006-02-15 04:45:25.000')
;
Insert into city
 (`city_id`,`city`,`country_id`,`last_update`)
Values
('276','Koriyama','50','2006-02-15 04:45:25.000')
;
Insert into city
 (`city_id`,`city`,`country_id`,`last_update`)
Values
('277','Korla','23','2006-02-15 04:45:25.000')
;
Insert into city
 (`city_id`,`city`,`country_id`,`last_update`)
Values
('278','Korolev','80','2006-02-15 04:45:25.000')
;
Insert into city
 (`city_id`,`city`,`country_id`,`last_update`)
Values
('279','Kowloon and New Kowloon','42','2006-02-15 04:45:25.000')
;
Insert into city
 (`city_id`,`city`,`country_id`,`last_update`)
Values
('280','Kragujevac','108','2006-02-15 04:45:25.000')
;
Insert into city
 (`city_id`,`city`,`country_id`,`last_update`)
Values
('281','Ktahya','97','2006-02-15 04:45:25.000')
;
Insert into city
 (`city_id`,`city`,`country_id`,`last_update`)
Values
('282','Kuching','59','2006-02-15 04:45:25.000')
;
Insert into city
 (`city_id`,`city`,`country_id`,`last_update`)
Values
('283','Kumbakonam','44','2006-02-15 04:45:25.000')
;
Insert into city
 (`city_id`,`city`,`country_id`,`last_update`)
Values
('284','Kurashiki','50','2006-02-15 04:45:25.000')
;
Insert into city
 (`city_id`,`city`,`country_id`,`last_update`)
Values
('285','Kurgan','80','2006-02-15 04:45:25.000')
;
Insert into city
 (`city_id`,`city`,`country_id`,`last_update`)
Values
('286','Kursk','80','2006-02-15 04:45:25.000')
;
Insert into city
 (`city_id`,`city`,`country_id`,`last_update`)
Values
('287','Kuwana','50','2006-02-15 04:45:25.000')
;
Insert into city
 (`city_id`,`city`,`country_id`,`last_update`)
Values
('288','La Paz','60','2006-02-15 04:45:25.000')
;
Insert into city
 (`city_id`,`city`,`country_id`,`last_update`)
Values
('289','La Plata','6','2006-02-15 04:45:25.000')
;
Insert into city
 (`city_id`,`city`,`country_id`,`last_update`)
Values
('290','La Romana','27','2006-02-15 04:45:25.000')
;
Insert into city
 (`city_id`,`city`,`country_id`,`last_update`)
Values
('291','Laiwu','23','2006-02-15 04:45:25.000')
;
Insert into city
 (`city_id`,`city`,`country_id`,`last_update`)
Values
('292','Lancaster','103','2006-02-15 04:45:25.000')
;
Insert into city
 (`city_id`,`city`,`country_id`,`last_update`)
Values
('293','Laohekou','23','2006-02-15 04:45:25.000')
;
Insert into city
 (`city_id`,`city`,`country_id`,`last_update`)
Values
('294','Lapu-Lapu','75','2006-02-15 04:45:25.000')
;
Insert into city
 (`city_id`,`city`,`country_id`,`last_update`)
Values
('295','Laredo','103','2006-02-15 04:45:25.000')
;
Insert into city
 (`city_id`,`city`,`country_id`,`last_update`)
Values
('296','Lausanne','91','2006-02-15 04:45:25.000')
;
Insert into city
 (`city_id`,`city`,`country_id`,`last_update`)
Values
('297','Le Mans','34','2006-02-15 04:45:25.000')
;
Insert into city
 (`city_id`,`city`,`country_id`,`last_update`)
Values
('298','Lengshuijiang','23','2006-02-15 04:45:25.000')
;
Insert into city
 (`city_id`,`city`,`country_id`,`last_update`)
Values
('299','Leshan','23','2006-02-15 04:45:25.000')
;
Insert into city
 (`city_id`,`city`,`country_id`,`last_update`)
Values
('300','Lethbridge','20','2006-02-15 04:45:25.000')
;
Insert into city
 (`city_id`,`city`,`country_id`,`last_update`)
Values
('301','Lhokseumawe','45','2006-02-15 04:45:25.000')
;
Insert into city
 (`city_id`,`city`,`country_id`,`last_update`)
Values
('302','Liaocheng','23','2006-02-15 04:45:25.000')
;
Insert into city
 (`city_id`,`city`,`country_id`,`last_update`)
Values
('303','Liepaja','54','2006-02-15 04:45:25.000')
;
Insert into city
 (`city_id`,`city`,`country_id`,`last_update`)
Values
('304','Lilongwe','58','2006-02-15 04:45:25.000')
;
Insert into city
 (`city_id`,`city`,`country_id`,`last_update`)
Values
('305','Lima','74','2006-02-15 04:45:25.000')
;
Insert into city
 (`city_id`,`city`,`country_id`,`last_update`)
Values
('306','Lincoln','103','2006-02-15 04:45:25.000')
;
Insert into city
 (`city_id`,`city`,`country_id`,`last_update`)
Values
('307','Linz','9','2006-02-15 04:45:25.000')
;
Insert into city
 (`city_id`,`city`,`country_id`,`last_update`)
Values
('308','Lipetsk','80','2006-02-15 04:45:25.000')
;
Insert into city
 (`city_id`,`city`,`country_id`,`last_update`)
Values
('309','Livorno','49','2006-02-15 04:45:25.000')
;
Insert into city
 (`city_id`,`city`,`country_id`,`last_update`)
Values
('310','Ljubertsy','80','2006-02-15 04:45:25.000')
;
Insert into city
 (`city_id`,`city`,`country_id`,`last_update`)
Values
('311','Loja','28','2006-02-15 04:45:25.000')
;
Insert into city
 (`city_id`,`city`,`country_id`,`last_update`)
Values
('312','London','102','2006-02-15 04:45:25.000')
;
Insert into city
 (`city_id`,`city`,`country_id`,`last_update`)
Values
('313','London','20','2006-02-15 04:45:25.000')
;
Insert into city
 (`city_id`,`city`,`country_id`,`last_update`)
Values
('314','Lublin','76','2006-02-15 04:45:25.000')
;
Insert into city
 (`city_id`,`city`,`country_id`,`last_update`)
Values
('315','Lubumbashi','25','2006-02-15 04:45:25.000')
;
Insert into city
 (`city_id`,`city`,`country_id`,`last_update`)
Values
('316','Lungtan','92','2006-02-15 04:45:25.000')
;
Insert into city
 (`city_id`,`city`,`country_id`,`last_update`)
Values
('317','Luzinia','15','2006-02-15 04:45:25.000')
;
Insert into city
 (`city_id`,`city`,`country_id`,`last_update`)
Values
('318','Madiun','45','2006-02-15 04:45:25.000')
;
Insert into city
 (`city_id`,`city`,`country_id`,`last_update`)
Values
('319','Mahajanga','57','2006-02-15 04:45:25.000')
;
Insert into city
 (`city_id`,`city`,`country_id`,`last_update`)
Values
('320','Maikop','80','2006-02-15 04:45:25.000')
;
Insert into city
 (`city_id`,`city`,`country_id`,`last_update`)
Values
('321','Malm','90','2006-02-15 04:45:25.000')
;
Insert into city
 (`city_id`,`city`,`country_id`,`last_update`)
Values
('322','Manchester','103','2006-02-15 04:45:25.000')
;
Insert into city
 (`city_id`,`city`,`country_id`,`last_update`)
Values
('323','Mandaluyong','75','2006-02-15 04:45:25.000')
;
Insert into city
 (`city_id`,`city`,`country_id`,`last_update`)
Values
('324','Mandi Bahauddin','72','2006-02-15 04:45:25.000')
;
Insert into city
 (`city_id`,`city`,`country_id`,`last_update`)
Values
('325','Mannheim','38','2006-02-15 04:45:25.000')
;
Insert into city
 (`city_id`,`city`,`country_id`,`last_update`)
Values
('326','Maracabo','104','2006-02-15 04:45:25.000')
;
Insert into city
 (`city_id`,`city`,`country_id`,`last_update`)
Values
('327','Mardan','72','2006-02-15 04:45:25.000')
;
Insert into city
 (`city_id`,`city`,`country_id`,`last_update`)
Values
('328','Maring','15','2006-02-15 04:45:25.000')
;
Insert into city
 (`city_id`,`city`,`country_id`,`last_update`)
Values
('329','Masqat','71','2006-02-15 04:45:25.000')
;
Insert into city
 (`city_id`,`city`,`country_id`,`last_update`)
Values
('330','Matamoros','60','2006-02-15 04:45:25.000')
;
Insert into city
 (`city_id`,`city`,`country_id`,`last_update`)
Values
('331','Matsue','50','2006-02-15 04:45:25.000')
;
Insert into city
 (`city_id`,`city`,`country_id`,`last_update`)
Values
('332','Meixian','23','2006-02-15 04:45:25.000')
;
Insert into city
 (`city_id`,`city`,`country_id`,`last_update`)
Values
('333','Memphis','103','2006-02-15 04:45:25.000')
;
Insert into city
 (`city_id`,`city`,`country_id`,`last_update`)
Values
('334','Merlo','6','2006-02-15 04:45:25.000')
;
Insert into city
 (`city_id`,`city`,`country_id`,`last_update`)
Values
('335','Mexicali','60','2006-02-15 04:45:25.000')
;
Insert into city
 (`city_id`,`city`,`country_id`,`last_update`)
Values
('336','Miraj','44','2006-02-15 04:45:25.000')
;
Insert into city
 (`city_id`,`city`,`country_id`,`last_update`)
Values
('337','Mit Ghamr','29','2006-02-15 04:45:25.000')
;
Insert into city
 (`city_id`,`city`,`country_id`,`last_update`)
Values
('338','Miyakonojo','50','2006-02-15 04:45:25.000')
;
Insert into city
 (`city_id`,`city`,`country_id`,`last_update`)
Values
('339','Mogiljov','13','2006-02-15 04:45:25.000')
;
Insert into city
 (`city_id`,`city`,`country_id`,`last_update`)
Values
('340','Molodetno','13','2006-02-15 04:45:25.000')
;
Insert into city
 (`city_id`,`city`,`country_id`,`last_update`)
Values
('341','Monclova','60','2006-02-15 04:45:25.000')
;
Insert into city
 (`city_id`,`city`,`country_id`,`last_update`)
Values
('342','Monywa','64','2006-02-15 04:45:25.000')
;
Insert into city
 (`city_id`,`city`,`country_id`,`last_update`)
Values
('343','Moscow','80','2006-02-15 04:45:25.000')
;
Insert into city
 (`city_id`,`city`,`country_id`,`last_update`)
Values
('344','Mosul','47','2006-02-15 04:45:25.000')
;
Insert into city
 (`city_id`,`city`,`country_id`,`last_update`)
Values
('345','Mukateve','100','2006-02-15 04:45:25.000')
;
Insert into city
 (`city_id`,`city`,`country_id`,`last_update`)
Values
('346','Munger (Monghyr)','44','2006-02-15 04:45:25.000')
;
Insert into city
 (`city_id`,`city`,`country_id`,`last_update`)
Values
('347','Mwanza','93','2006-02-15 04:45:25.000')
;
Insert into city
 (`city_id`,`city`,`country_id`,`last_update`)
Values
('348','Mwene-Ditu','25','2006-02-15 04:45:25.000')
;
Insert into city
 (`city_id`,`city`,`country_id`,`last_update`)
Values
('349','Myingyan','64','2006-02-15 04:45:25.000')
;
Insert into city
 (`city_id`,`city`,`country_id`,`last_update`)
Values
('350','Mysore','44','2006-02-15 04:45:25.000')
;
Insert into city
 (`city_id`,`city`,`country_id`,`last_update`)
Values
('351','Naala-Porto','63','2006-02-15 04:45:25.000')
;
Insert into city
 (`city_id`,`city`,`country_id`,`last_update`)
Values
('352','Nabereznyje Telny','80','2006-02-15 04:45:25.000')
;
Insert into city
 (`city_id`,`city`,`country_id`,`last_update`)
Values
('353','Nador','62','2006-02-15 04:45:25.000')
;
Insert into city
 (`city_id`,`city`,`country_id`,`last_update`)
Values
('354','Nagaon','44','2006-02-15 04:45:25.000')
;
Insert into city
 (`city_id`,`city`,`country_id`,`last_update`)
Values
('355','Nagareyama','50','2006-02-15 04:45:25.000')
;
Insert into city
 (`city_id`,`city`,`country_id`,`last_update`)
Values
('356','Najafabad','46','2006-02-15 04:45:25.000')
;
Insert into city
 (`city_id`,`city`,`country_id`,`last_update`)
Values
('357','Naju','86','2006-02-15 04:45:25.000')
;
Insert into city
 (`city_id`,`city`,`country_id`,`last_update`)
Values
('358','Nakhon Sawan','94','2006-02-15 04:45:25.000')
;
Insert into city
 (`city_id`,`city`,`country_id`,`last_update`)
Values
('359','Nam Dinh','105','2006-02-15 04:45:25.000')
;
Insert into city
 (`city_id`,`city`,`country_id`,`last_update`)
Values
('360','Namibe','4','2006-02-15 04:45:25.000')
;
Insert into city
 (`city_id`,`city`,`country_id`,`last_update`)
Values
('361','Nantou','92','2006-02-15 04:45:25.000')
;
Insert into city
 (`city_id`,`city`,`country_id`,`last_update`)
Values
('362','Nanyang','23','2006-02-15 04:45:25.000')
;
Insert into city
 (`city_id`,`city`,`country_id`,`last_update`)
Values
('363','NDjamna','21','2006-02-15 04:45:25.000')
;
Insert into city
 (`city_id`,`city`,`country_id`,`last_update`)
Values
('364','Newcastle','85','2006-02-15 04:45:25.000')
;
Insert into city
 (`city_id`,`city`,`country_id`,`last_update`)
Values
('365','Nezahualcyotl','60','2006-02-15 04:45:25.000')
;
Insert into city
 (`city_id`,`city`,`country_id`,`last_update`)
Values
('366','Nha Trang','105','2006-02-15 04:45:25.000')
;
Insert into city
 (`city_id`,`city`,`country_id`,`last_update`)
Values
('367','Niznekamsk','80','2006-02-15 04:45:25.000')
;
Insert into city
 (`city_id`,`city`,`country_id`,`last_update`)
Values
('368','Novi Sad','108','2006-02-15 04:45:25.000')
;
Insert into city
 (`city_id`,`city`,`country_id`,`last_update`)
Values
('369','Novoterkassk','80','2006-02-15 04:45:25.000')
;
Insert into city
 (`city_id`,`city`,`country_id`,`last_update`)
Values
('370','Nukualofa','95','2006-02-15 04:45:25.000')
;
Insert into city
 (`city_id`,`city`,`country_id`,`last_update`)
Values
('371','Nuuk','40','2006-02-15 04:45:25.000')
;
Insert into city
 (`city_id`,`city`,`country_id`,`last_update`)
Values
('372','Nyeri','52','2006-02-15 04:45:25.000')
;
Insert into city
 (`city_id`,`city`,`country_id`,`last_update`)
Values
('373','Ocumare del Tuy','104','2006-02-15 04:45:25.000')
;
Insert into city
 (`city_id`,`city`,`country_id`,`last_update`)
Values
('374','Ogbomosho','69','2006-02-15 04:45:25.000')
;
Insert into city
 (`city_id`,`city`,`country_id`,`last_update`)
Values
('375','Okara','72','2006-02-15 04:45:25.000')
;
Insert into city
 (`city_id`,`city`,`country_id`,`last_update`)
Values
('376','Okayama','50','2006-02-15 04:45:25.000')
;
Insert into city
 (`city_id`,`city`,`country_id`,`last_update`)
Values
('377','Okinawa','50','2006-02-15 04:45:25.000')
;
Insert into city
 (`city_id`,`city`,`country_id`,`last_update`)
Values
('378','Olomouc','26','2006-02-15 04:45:25.000')
;
Insert into city
 (`city_id`,`city`,`country_id`,`last_update`)
Values
('379','Omdurman','89','2006-02-15 04:45:25.000')
;
Insert into city
 (`city_id`,`city`,`country_id`,`last_update`)
Values
('380','Omiya','50','2006-02-15 04:45:25.000')
;
Insert into city
 (`city_id`,`city`,`country_id`,`last_update`)
Values
('381','Ondo','69','2006-02-15 04:45:25.000')
;
Insert into city
 (`city_id`,`city`,`country_id`,`last_update`)
Values
('382','Onomichi','50','2006-02-15 04:45:25.000')
;
Insert into city
 (`city_id`,`city`,`country_id`,`last_update`)
Values
('383','Oshawa','20','2006-02-15 04:45:25.000')
;
Insert into city
 (`city_id`,`city`,`country_id`,`last_update`)
Values
('384','Osmaniye','97','2006-02-15 04:45:25.000')
;
Insert into city
 (`city_id`,`city`,`country_id`,`last_update`)
Values
('385','ostka','100','2006-02-15 04:45:25.000')
;
Insert into city
 (`city_id`,`city`,`country_id`,`last_update`)
Values
('386','Otsu','50','2006-02-15 04:45:25.000')
;
Insert into city
 (`city_id`,`city`,`country_id`,`last_update`)
Values
('387','Oulu','33','2006-02-15 04:45:25.000')
;
Insert into city
 (`city_id`,`city`,`country_id`,`last_update`)
Values
('388','Ourense (Orense)','87','2006-02-15 04:45:25.000')
;
Insert into city
 (`city_id`,`city`,`country_id`,`last_update`)
Values
('389','Owo','69','2006-02-15 04:45:25.000')
;
Insert into city
 (`city_id`,`city`,`country_id`,`last_update`)
Values
('390','Oyo','69','2006-02-15 04:45:25.000')
;
Insert into city
 (`city_id`,`city`,`country_id`,`last_update`)
Values
('391','Ozamis','75','2006-02-15 04:45:25.000')
;
Insert into city
 (`city_id`,`city`,`country_id`,`last_update`)
Values
('392','Paarl','85','2006-02-15 04:45:25.000')
;
Insert into city
 (`city_id`,`city`,`country_id`,`last_update`)
Values
('393','Pachuca de Soto','60','2006-02-15 04:45:25.000')
;
Insert into city
 (`city_id`,`city`,`country_id`,`last_update`)
Values
('394','Pak Kret','94','2006-02-15 04:45:25.000')
;
Insert into city
 (`city_id`,`city`,`country_id`,`last_update`)
Values
('395','Palghat (Palakkad)','44','2006-02-15 04:45:25.000')
;
Insert into city
 (`city_id`,`city`,`country_id`,`last_update`)
Values
('396','Pangkal Pinang','45','2006-02-15 04:45:25.000')
;
Insert into city
 (`city_id`,`city`,`country_id`,`last_update`)
Values
('397','Papeete','36','2006-02-15 04:45:25.000')
;
Insert into city
 (`city_id`,`city`,`country_id`,`last_update`)
Values
('398','Parbhani','44','2006-02-15 04:45:25.000')
;
Insert into city
 (`city_id`,`city`,`country_id`,`last_update`)
Values
('399','Pathankot','44','2006-02-15 04:45:25.000')
;
Insert into city
 (`city_id`,`city`,`country_id`,`last_update`)
Values
('400','Patiala','44','2006-02-15 04:45:25.000')
;
Insert into city
 (`city_id`,`city`,`country_id`,`last_update`)
Values
('401','Patras','39','2006-02-15 04:45:25.000')
;
Insert into city
 (`city_id`,`city`,`country_id`,`last_update`)
Values
('402','Pavlodar','51','2006-02-15 04:45:25.000')
;
Insert into city
 (`city_id`,`city`,`country_id`,`last_update`)
Values
('403','Pemalang','45','2006-02-15 04:45:25.000')
;
Insert into city
 (`city_id`,`city`,`country_id`,`last_update`)
Values
('404','Peoria','103','2006-02-15 04:45:25.000')
;
Insert into city
 (`city_id`,`city`,`country_id`,`last_update`)
Values
('405','Pereira','24','2006-02-15 04:45:25.000')
;
Insert into city
 (`city_id`,`city`,`country_id`,`last_update`)
Values
('406','Phnom Penh','18','2006-02-15 04:45:25.000')
;
Insert into city
 (`city_id`,`city`,`country_id`,`last_update`)
Values
('407','Pingxiang','23','2006-02-15 04:45:25.000')
;
Insert into city
 (`city_id`,`city`,`country_id`,`last_update`)
Values
('408','Pjatigorsk','80','2006-02-15 04:45:25.000')
;
Insert into city
 (`city_id`,`city`,`country_id`,`last_update`)
Values
('409','Plock','76','2006-02-15 04:45:25.000')
;
Insert into city
 (`city_id`,`city`,`country_id`,`last_update`)
Values
('410','Po','15','2006-02-15 04:45:25.000')
;
Insert into city
 (`city_id`,`city`,`country_id`,`last_update`)
Values
('411','Ponce','77','2006-02-15 04:45:25.000')
;
Insert into city
 (`city_id`,`city`,`country_id`,`last_update`)
Values
('412','Pontianak','45','2006-02-15 04:45:25.000')
;
Insert into city
 (`city_id`,`city`,`country_id`,`last_update`)
Values
('413','Poos de Caldas','15','2006-02-15 04:45:25.000')
;
Insert into city
 (`city_id`,`city`,`country_id`,`last_update`)
Values
('414','Portoviejo','28','2006-02-15 04:45:25.000')
;
Insert into city
 (`city_id`,`city`,`country_id`,`last_update`)
Values
('415','Probolinggo','45','2006-02-15 04:45:25.000')
;
Insert into city
 (`city_id`,`city`,`country_id`,`last_update`)
Values
('416','Pudukkottai','44','2006-02-15 04:45:25.000')
;
Insert into city
 (`city_id`,`city`,`country_id`,`last_update`)
Values
('417','Pune','44','2006-02-15 04:45:25.000')
;
Insert into city
 (`city_id`,`city`,`country_id`,`last_update`)
Values
('418','Purnea (Purnia)','44','2006-02-15 04:45:25.000')
;
Insert into city
 (`city_id`,`city`,`country_id`,`last_update`)
Values
('419','Purwakarta','45','2006-02-15 04:45:25.000')
;
Insert into city
 (`city_id`,`city`,`country_id`,`last_update`)
Values
('420','Pyongyang','70','2006-02-15 04:45:25.000')
;
Insert into city
 (`city_id`,`city`,`country_id`,`last_update`)
Values
('421','Qalyub','29','2006-02-15 04:45:25.000')
;
Insert into city
 (`city_id`,`city`,`country_id`,`last_update`)
Values
('422','Qinhuangdao','23','2006-02-15 04:45:25.000')
;
Insert into city
 (`city_id`,`city`,`country_id`,`last_update`)
Values
('423','Qomsheh','46','2006-02-15 04:45:25.000')
;
Insert into city
 (`city_id`,`city`,`country_id`,`last_update`)
Values
('424','Quilmes','6','2006-02-15 04:45:25.000')
;
Insert into city
 (`city_id`,`city`,`country_id`,`last_update`)
Values
('425','Rae Bareli','44','2006-02-15 04:45:25.000')
;
Insert into city
 (`city_id`,`city`,`country_id`,`last_update`)
Values
('426','Rajkot','44','2006-02-15 04:45:25.000')
;
Insert into city
 (`city_id`,`city`,`country_id`,`last_update`)
Values
('427','Rampur','44','2006-02-15 04:45:25.000')
;
Insert into city
 (`city_id`,`city`,`country_id`,`last_update`)
Values
('428','Rancagua','22','2006-02-15 04:45:25.000')
;
Insert into city
 (`city_id`,`city`,`country_id`,`last_update`)
Values
('429','Ranchi','44','2006-02-15 04:45:25.000')
;
Insert into city
 (`city_id`,`city`,`country_id`,`last_update`)
Values
('430','Richmond Hill','20','2006-02-15 04:45:25.000')
;
Insert into city
 (`city_id`,`city`,`country_id`,`last_update`)
Values
('431','Rio Claro','15','2006-02-15 04:45:25.000')
;
Insert into city
 (`city_id`,`city`,`country_id`,`last_update`)
Values
('432','Rizhao','23','2006-02-15 04:45:25.000')
;
Insert into city
 (`city_id`,`city`,`country_id`,`last_update`)
Values
('433','Roanoke','103','2006-02-15 04:45:25.000')
;
Insert into city
 (`city_id`,`city`,`country_id`,`last_update`)
Values
('434','Robamba','28','2006-02-15 04:45:25.000')
;
Insert into city
 (`city_id`,`city`,`country_id`,`last_update`)
Values
('435','Rockford','103','2006-02-15 04:45:25.000')
;
Insert into city
 (`city_id`,`city`,`country_id`,`last_update`)
Values
('436','Ruse','17','2006-02-15 04:45:25.000')
;
Insert into city
 (`city_id`,`city`,`country_id`,`last_update`)
Values
('437','Rustenburg','85','2006-02-15 04:45:25.000')
;
Insert into city
 (`city_id`,`city`,`country_id`,`last_update`)
Values
('438','s-Hertogenbosch','67','2006-02-15 04:45:25.000')
;
Insert into city
 (`city_id`,`city`,`country_id`,`last_update`)
Values
('439','Saarbrcken','38','2006-02-15 04:45:25.000')
;
Insert into city
 (`city_id`,`city`,`country_id`,`last_update`)
Values
('440','Sagamihara','50','2006-02-15 04:45:25.000')
;
Insert into city
 (`city_id`,`city`,`country_id`,`last_update`)
Values
('441','Saint Louis','103','2006-02-15 04:45:25.000')
;
Insert into city
 (`city_id`,`city`,`country_id`,`last_update`)
Values
('442','Saint-Denis','79','2006-02-15 04:45:25.000')
;
Insert into city
 (`city_id`,`city`,`country_id`,`last_update`)
Values
('443','Sal','62','2006-02-15 04:45:25.000')
;
Insert into city
 (`city_id`,`city`,`country_id`,`last_update`)
Values
('444','Salala','71','2006-02-15 04:45:25.000')
;
Insert into city
 (`city_id`,`city`,`country_id`,`last_update`)
Values
('445','Salamanca','60','2006-02-15 04:45:25.000')
;
Insert into city
 (`city_id`,`city`,`country_id`,`last_update`)
Values
('446','Salinas','103','2006-02-15 04:45:25.000')
;
Insert into city
 (`city_id`,`city`,`country_id`,`last_update`)
Values
('447','Salzburg','9','2006-02-15 04:45:25.000')
;
Insert into city
 (`city_id`,`city`,`country_id`,`last_update`)
Values
('448','Sambhal','44','2006-02-15 04:45:25.000')
;
Insert into city
 (`city_id`,`city`,`country_id`,`last_update`)
Values
('449','San Bernardino','103','2006-02-15 04:45:25.000')
;
Insert into city
 (`city_id`,`city`,`country_id`,`last_update`)
Values
('450','San Felipe de Puerto Plata','27','2006-02-15 04:45:25.000')
;
Insert into city
 (`city_id`,`city`,`country_id`,`last_update`)
Values
('451','San Felipe del Progreso','60','2006-02-15 04:45:25.000')
;
Insert into city
 (`city_id`,`city`,`country_id`,`last_update`)
Values
('452','San Juan Bautista Tuxtepec','60','2006-02-15 04:45:25.000')
;
Insert into city
 (`city_id`,`city`,`country_id`,`last_update`)
Values
('453','San Lorenzo','73','2006-02-15 04:45:25.000')
;
Insert into city
 (`city_id`,`city`,`country_id`,`last_update`)
Values
('454','San Miguel de Tucumn','6','2006-02-15 04:45:25.000')
;
Insert into city
 (`city_id`,`city`,`country_id`,`last_update`)
Values
('455','Sanaa','107','2006-02-15 04:45:25.000')
;
Insert into city
 (`city_id`,`city`,`country_id`,`last_update`)
Values
('456','Santa Brbara dOeste','15','2006-02-15 04:45:25.000')
;
Insert into city
 (`city_id`,`city`,`country_id`,`last_update`)
Values
('457','Santa F','6','2006-02-15 04:45:25.000')
;
Insert into city
 (`city_id`,`city`,`country_id`,`last_update`)
Values
('458','Santa Rosa','75','2006-02-15 04:45:25.000')
;
Insert into city
 (`city_id`,`city`,`country_id`,`last_update`)
Values
('459','Santiago de Compostela','87','2006-02-15 04:45:25.000')
;
Insert into city
 (`city_id`,`city`,`country_id`,`last_update`)
Values
('460','Santiago de los Caballeros','27','2006-02-15 04:45:25.000')
;
Insert into city
 (`city_id`,`city`,`country_id`,`last_update`)
Values
('461','Santo Andr','15','2006-02-15 04:45:25.000')
;
Insert into city
 (`city_id`,`city`,`country_id`,`last_update`)
Values
('462','Sanya','23','2006-02-15 04:45:25.000')
;
Insert into city
 (`city_id`,`city`,`country_id`,`last_update`)
Values
('463','Sasebo','50','2006-02-15 04:45:25.000')
;
Insert into city
 (`city_id`,`city`,`country_id`,`last_update`)
Values
('464','Satna','44','2006-02-15 04:45:25.000')
;
Insert into city
 (`city_id`,`city`,`country_id`,`last_update`)
Values
('465','Sawhaj','29','2006-02-15 04:45:25.000')
;
Insert into city
 (`city_id`,`city`,`country_id`,`last_update`)
Values
('466','Serpuhov','80','2006-02-15 04:45:25.000')
;
Insert into city
 (`city_id`,`city`,`country_id`,`last_update`)
Values
('467','Shahr-e Kord','46','2006-02-15 04:45:25.000')
;
Insert into city
 (`city_id`,`city`,`country_id`,`last_update`)
Values
('468','Shanwei','23','2006-02-15 04:45:25.000')
;
Insert into city
 (`city_id`,`city`,`country_id`,`last_update`)
Values
('469','Shaoguan','23','2006-02-15 04:45:25.000')
;
Insert into city
 (`city_id`,`city`,`country_id`,`last_update`)
Values
('470','Sharja','101','2006-02-15 04:45:25.000')
;
Insert into city
 (`city_id`,`city`,`country_id`,`last_update`)
Values
('471','Shenzhen','23','2006-02-15 04:45:25.000')
;
Insert into city
 (`city_id`,`city`,`country_id`,`last_update`)
Values
('472','Shikarpur','72','2006-02-15 04:45:25.000')
;
Insert into city
 (`city_id`,`city`,`country_id`,`last_update`)
Values
('473','Shimoga','44','2006-02-15 04:45:25.000')
;
Insert into city
 (`city_id`,`city`,`country_id`,`last_update`)
Values
('474','Shimonoseki','50','2006-02-15 04:45:25.000')
;
Insert into city
 (`city_id`,`city`,`country_id`,`last_update`)
Values
('475','Shivapuri','44','2006-02-15 04:45:25.000')
;
Insert into city
 (`city_id`,`city`,`country_id`,`last_update`)
Values
('476','Shubra al-Khayma','29','2006-02-15 04:45:25.000')
;
Insert into city
 (`city_id`,`city`,`country_id`,`last_update`)
Values
('477','Siegen','38','2006-02-15 04:45:25.000')
;
Insert into city
 (`city_id`,`city`,`country_id`,`last_update`)
Values
('478','Siliguri (Shiliguri)','44','2006-02-15 04:45:25.000')
;
Insert into city
 (`city_id`,`city`,`country_id`,`last_update`)
Values
('479','Simferopol','100','2006-02-15 04:45:25.000')
;
Insert into city
 (`city_id`,`city`,`country_id`,`last_update`)
Values
('480','Sincelejo','24','2006-02-15 04:45:25.000')
;
Insert into city
 (`city_id`,`city`,`country_id`,`last_update`)
Values
('481','Sirjan','46','2006-02-15 04:45:25.000')
;
Insert into city
 (`city_id`,`city`,`country_id`,`last_update`)
Values
('482','Sivas','97','2006-02-15 04:45:25.000')
;
Insert into city
 (`city_id`,`city`,`country_id`,`last_update`)
Values
('483','Skikda','2','2006-02-15 04:45:25.000')
;
Insert into city
 (`city_id`,`city`,`country_id`,`last_update`)
Values
('484','Smolensk','80','2006-02-15 04:45:25.000')
;
Insert into city
 (`city_id`,`city`,`country_id`,`last_update`)
Values
('485','So Bernardo do Campo','15','2006-02-15 04:45:25.000')
;
Insert into city
 (`city_id`,`city`,`country_id`,`last_update`)
Values
('486','So Leopoldo','15','2006-02-15 04:45:25.000')
;
Insert into city
 (`city_id`,`city`,`country_id`,`last_update`)
Values
('487','Sogamoso','24','2006-02-15 04:45:25.000')
;
Insert into city
 (`city_id`,`city`,`country_id`,`last_update`)
Values
('488','Sokoto','69','2006-02-15 04:45:25.000')
;
Insert into city
 (`city_id`,`city`,`country_id`,`last_update`)
Values
('489','Songkhla','94','2006-02-15 04:45:25.000')
;
Insert into city
 (`city_id`,`city`,`country_id`,`last_update`)
Values
('490','Sorocaba','15','2006-02-15 04:45:25.000')
;
Insert into city
 (`city_id`,`city`,`country_id`,`last_update`)
Values
('491','Soshanguve','85','2006-02-15 04:45:25.000')
;
Insert into city
 (`city_id`,`city`,`country_id`,`last_update`)
Values
('492','Sousse','96','2006-02-15 04:45:25.000')
;
Insert into city
 (`city_id`,`city`,`country_id`,`last_update`)
Values
('493','South Hill','5','2006-02-15 04:45:25.000')
;
Insert into city
 (`city_id`,`city`,`country_id`,`last_update`)
Values
('494','Southampton','102','2006-02-15 04:45:25.000')
;
Insert into city
 (`city_id`,`city`,`country_id`,`last_update`)
Values
('495','Southend-on-Sea','102','2006-02-15 04:45:25.000')
;
Insert into city
 (`city_id`,`city`,`country_id`,`last_update`)
Values
('496','Southport','102','2006-02-15 04:45:25.000')
;
Insert into city
 (`city_id`,`city`,`country_id`,`last_update`)
Values
('497','Springs','85','2006-02-15 04:45:25.000')
;
Insert into city
 (`city_id`,`city`,`country_id`,`last_update`)
Values
('498','Stara Zagora','17','2006-02-15 04:45:25.000')
;
Insert into city
 (`city_id`,`city`,`country_id`,`last_update`)
Values
('499','Sterling Heights','103','2006-02-15 04:45:25.000')
;
Insert into city
 (`city_id`,`city`,`country_id`,`last_update`)
Values
('500','Stockport','102','2006-02-15 04:45:25.000')
;
Insert into city
 (`city_id`,`city`,`country_id`,`last_update`)
Values
('501','Sucre','14','2006-02-15 04:45:25.000')
;
Insert into city
 (`city_id`,`city`,`country_id`,`last_update`)
Values
('502','Suihua','23','2006-02-15 04:45:25.000')
;
Insert into city
 (`city_id`,`city`,`country_id`,`last_update`)
Values
('503','Sullana','74','2006-02-15 04:45:25.000')
;
Insert into city
 (`city_id`,`city`,`country_id`,`last_update`)
Values
('504','Sultanbeyli','97','2006-02-15 04:45:25.000')
;
Insert into city
 (`city_id`,`city`,`country_id`,`last_update`)
Values
('505','Sumqayit','10','2006-02-15 04:45:25.000')
;
Insert into city
 (`city_id`,`city`,`country_id`,`last_update`)
Values
('506','Sumy','100','2006-02-15 04:45:25.000')
;
Insert into city
 (`city_id`,`city`,`country_id`,`last_update`)
Values
('507','Sungai Petani','59','2006-02-15 04:45:25.000')
;
Insert into city
 (`city_id`,`city`,`country_id`,`last_update`)
Values
('508','Sunnyvale','103','2006-02-15 04:45:25.000')
;
Insert into city
 (`city_id`,`city`,`country_id`,`last_update`)
Values
('509','Surakarta','45','2006-02-15 04:45:25.000')
;
Insert into city
 (`city_id`,`city`,`country_id`,`last_update`)
Values
('510','Syktyvkar','80','2006-02-15 04:45:25.000')
;
Insert into city
 (`city_id`,`city`,`country_id`,`last_update`)
Values
('511','Syrakusa','49','2006-02-15 04:45:25.000')
;
Insert into city
 (`city_id`,`city`,`country_id`,`last_update`)
Values
('512','Szkesfehrvr','43','2006-02-15 04:45:25.000')
;
Insert into city
 (`city_id`,`city`,`country_id`,`last_update`)
Values
('513','Tabora','93','2006-02-15 04:45:25.000')
;
Insert into city
 (`city_id`,`city`,`country_id`,`last_update`)
Values
('514','Tabriz','46','2006-02-15 04:45:25.000')
;
Insert into city
 (`city_id`,`city`,`country_id`,`last_update`)
Values
('515','Tabuk','82','2006-02-15 04:45:25.000')
;
Insert into city
 (`city_id`,`city`,`country_id`,`last_update`)
Values
('516','Tafuna','3','2006-02-15 04:45:25.000')
;
Insert into city
 (`city_id`,`city`,`country_id`,`last_update`)
Values
('517','Taguig','75','2006-02-15 04:45:25.000')
;
Insert into city
 (`city_id`,`city`,`country_id`,`last_update`)
Values
('518','Taizz','107','2006-02-15 04:45:25.000')
;
Insert into city
 (`city_id`,`city`,`country_id`,`last_update`)
Values
('519','Talavera','75','2006-02-15 04:45:25.000')
;
Insert into city
 (`city_id`,`city`,`country_id`,`last_update`)
Values
('520','Tallahassee','103','2006-02-15 04:45:25.000')
;
Insert into city
 (`city_id`,`city`,`country_id`,`last_update`)
Values
('521','Tama','50','2006-02-15 04:45:25.000')
;
Insert into city
 (`city_id`,`city`,`country_id`,`last_update`)
Values
('522','Tambaram','44','2006-02-15 04:45:25.000')
;
Insert into city
 (`city_id`,`city`,`country_id`,`last_update`)
Values
('523','Tanauan','75','2006-02-15 04:45:25.000')
;
Insert into city
 (`city_id`,`city`,`country_id`,`last_update`)
Values
('524','Tandil','6','2006-02-15 04:45:25.000')
;
Insert into city
 (`city_id`,`city`,`country_id`,`last_update`)
Values
('525','Tangail','12','2006-02-15 04:45:25.000')
;
Insert into city
 (`city_id`,`city`,`country_id`,`last_update`)
Values
('526','Tanshui','92','2006-02-15 04:45:25.000')
;
Insert into city
 (`city_id`,`city`,`country_id`,`last_update`)
Values
('527','Tanza','75','2006-02-15 04:45:25.000')
;
Insert into city
 (`city_id`,`city`,`country_id`,`last_update`)
Values
('528','Tarlac','75','2006-02-15 04:45:25.000')
;
Insert into city
 (`city_id`,`city`,`country_id`,`last_update`)
Values
('529','Tarsus','97','2006-02-15 04:45:25.000')
;
Insert into city
 (`city_id`,`city`,`country_id`,`last_update`)
Values
('530','Tartu','30','2006-02-15 04:45:25.000')
;
Insert into city
 (`city_id`,`city`,`country_id`,`last_update`)
Values
('531','Teboksary','80','2006-02-15 04:45:25.000')
;
Insert into city
 (`city_id`,`city`,`country_id`,`last_update`)
Values
('532','Tegal','45','2006-02-15 04:45:25.000')
;
Insert into city
 (`city_id`,`city`,`country_id`,`last_update`)
Values
('533','Tel Aviv-Jaffa','48','2006-02-15 04:45:25.000')
;
Insert into city
 (`city_id`,`city`,`country_id`,`last_update`)
Values
('534','Tete','63','2006-02-15 04:45:25.000')
;
Insert into city
 (`city_id`,`city`,`country_id`,`last_update`)
Values
('535','Tianjin','23','2006-02-15 04:45:25.000')
;
Insert into city
 (`city_id`,`city`,`country_id`,`last_update`)
Values
('536','Tiefa','23','2006-02-15 04:45:25.000')
;
Insert into city
 (`city_id`,`city`,`country_id`,`last_update`)
Values
('537','Tieli','23','2006-02-15 04:45:25.000')
;
Insert into city
 (`city_id`,`city`,`country_id`,`last_update`)
Values
('538','Tokat','97','2006-02-15 04:45:25.000')
;
Insert into city
 (`city_id`,`city`,`country_id`,`last_update`)
Values
('539','Tonghae','86','2006-02-15 04:45:25.000')
;
Insert into city
 (`city_id`,`city`,`country_id`,`last_update`)
Values
('540','Tongliao','23','2006-02-15 04:45:25.000')
;
Insert into city
 (`city_id`,`city`,`country_id`,`last_update`)
Values
('541','Torren','60','2006-02-15 04:45:25.000')
;
Insert into city
 (`city_id`,`city`,`country_id`,`last_update`)
Values
('542','Touliu','92','2006-02-15 04:45:25.000')
;
Insert into city
 (`city_id`,`city`,`country_id`,`last_update`)
Values
('543','Toulon','34','2006-02-15 04:45:25.000')
;
Insert into city
 (`city_id`,`city`,`country_id`,`last_update`)
Values
('544','Toulouse','34','2006-02-15 04:45:25.000')
;
Insert into city
 (`city_id`,`city`,`country_id`,`last_update`)
Values
('545','Trshavn','32','2006-02-15 04:45:25.000')
;
Insert into city
 (`city_id`,`city`,`country_id`,`last_update`)
Values
('546','Tsaotun','92','2006-02-15 04:45:25.000')
;
Insert into city
 (`city_id`,`city`,`country_id`,`last_update`)
Values
('547','Tsuyama','50','2006-02-15 04:45:25.000')
;
Insert into city
 (`city_id`,`city`,`country_id`,`last_update`)
Values
('548','Tuguegarao','75','2006-02-15 04:45:25.000')
;
Insert into city
 (`city_id`,`city`,`country_id`,`last_update`)
Values
('549','Tychy','76','2006-02-15 04:45:25.000')
;
Insert into city
 (`city_id`,`city`,`country_id`,`last_update`)
Values
('550','Udaipur','44','2006-02-15 04:45:25.000')
;
Insert into city
 (`city_id`,`city`,`country_id`,`last_update`)
Values
('551','Udine','49','2006-02-15 04:45:25.000')
;
Insert into city
 (`city_id`,`city`,`country_id`,`last_update`)
Values
('552','Ueda','50','2006-02-15 04:45:25.000')
;
Insert into city
 (`city_id`,`city`,`country_id`,`last_update`)
Values
('553','Uijongbu','86','2006-02-15 04:45:25.000')
;
Insert into city
 (`city_id`,`city`,`country_id`,`last_update`)
Values
('554','Uluberia','44','2006-02-15 04:45:25.000')
;
Insert into city
 (`city_id`,`city`,`country_id`,`last_update`)
Values
('555','Urawa','50','2006-02-15 04:45:25.000')
;
Insert into city
 (`city_id`,`city`,`country_id`,`last_update`)
Values
('556','Uruapan','60','2006-02-15 04:45:25.000')
;
Insert into city
 (`city_id`,`city`,`country_id`,`last_update`)
Values
('557','Usak','97','2006-02-15 04:45:25.000')
;
Insert into city
 (`city_id`,`city`,`country_id`,`last_update`)
Values
('558','Usolje-Sibirskoje','80','2006-02-15 04:45:25.000')
;
Insert into city
 (`city_id`,`city`,`country_id`,`last_update`)
Values
('559','Uttarpara-Kotrung','44','2006-02-15 04:45:25.000')
;
Insert into city
 (`city_id`,`city`,`country_id`,`last_update`)
Values
('560','Vaduz','55','2006-02-15 04:45:25.000')
;
Insert into city
 (`city_id`,`city`,`country_id`,`last_update`)
Values
('561','Valencia','104','2006-02-15 04:45:25.000')
;
Insert into city
 (`city_id`,`city`,`country_id`,`last_update`)
Values
('562','Valle de la Pascua','104','2006-02-15 04:45:25.000')
;
Insert into city
 (`city_id`,`city`,`country_id`,`last_update`)
Values
('563','Valle de Santiago','60','2006-02-15 04:45:25.000')
;
Insert into city
 (`city_id`,`city`,`country_id`,`last_update`)
Values
('564','Valparai','44','2006-02-15 04:45:25.000')
;
Insert into city
 (`city_id`,`city`,`country_id`,`last_update`)
Values
('565','Vancouver','20','2006-02-15 04:45:25.000')
;
Insert into city
 (`city_id`,`city`,`country_id`,`last_update`)
Values
('566','Varanasi (Benares)','44','2006-02-15 04:45:25.000')
;
Insert into city
 (`city_id`,`city`,`country_id`,`last_update`)
Values
('567','Vicente Lpez','6','2006-02-15 04:45:25.000')
;
Insert into city
 (`city_id`,`city`,`country_id`,`last_update`)
Values
('568','Vijayawada','44','2006-02-15 04:45:25.000')
;
Insert into city
 (`city_id`,`city`,`country_id`,`last_update`)
Values
('569','Vila Velha','15','2006-02-15 04:45:25.000')
;
Insert into city
 (`city_id`,`city`,`country_id`,`last_update`)
Values
('570','Vilnius','56','2006-02-15 04:45:25.000')
;
Insert into city
 (`city_id`,`city`,`country_id`,`last_update`)
Values
('571','Vinh','105','2006-02-15 04:45:25.000')
;
Insert into city
 (`city_id`,`city`,`country_id`,`last_update`)
Values
('572','Vitria de Santo Anto','15','2006-02-15 04:45:25.000')
;
Insert into city
 (`city_id`,`city`,`country_id`,`last_update`)
Values
('573','Warren','103','2006-02-15 04:45:25.000')
;
Insert into city
 (`city_id`,`city`,`country_id`,`last_update`)
Values
('574','Weifang','23','2006-02-15 04:45:25.000')
;
Insert into city
 (`city_id`,`city`,`country_id`,`last_update`)
Values
('575','Witten','38','2006-02-15 04:45:25.000')
;
Insert into city
 (`city_id`,`city`,`country_id`,`last_update`)
Values
('576','Woodridge','8','2006-02-15 04:45:25.000')
;
Insert into city
 (`city_id`,`city`,`country_id`,`last_update`)
Values
('577','Wroclaw','76','2006-02-15 04:45:25.000')
;
Insert into city
 (`city_id`,`city`,`country_id`,`last_update`)
Values
('578','Xiangfan','23','2006-02-15 04:45:25.000')
;
Insert into city
 (`city_id`,`city`,`country_id`,`last_update`)
Values
('579','Xiangtan','23','2006-02-15 04:45:25.000')
;
Insert into city
 (`city_id`,`city`,`country_id`,`last_update`)
Values
('580','Xintai','23','2006-02-15 04:45:25.000')
;
Insert into city
 (`city_id`,`city`,`country_id`,`last_update`)
Values
('581','Xinxiang','23','2006-02-15 04:45:25.000')
;
Insert into city
 (`city_id`,`city`,`country_id`,`last_update`)
Values
('582','Yamuna Nagar','44','2006-02-15 04:45:25.000')
;
Insert into city
 (`city_id`,`city`,`country_id`,`last_update`)
Values
('583','Yangor','65','2006-02-15 04:45:25.000')
;
Insert into city
 (`city_id`,`city`,`country_id`,`last_update`)
Values
('584','Yantai','23','2006-02-15 04:45:25.000')
;
Insert into city
 (`city_id`,`city`,`country_id`,`last_update`)
Values
('585','Yaound','19','2006-02-15 04:45:25.000')
;
Insert into city
 (`city_id`,`city`,`country_id`,`last_update`)
Values
('586','Yerevan','7','2006-02-15 04:45:25.000')
;
Insert into city
 (`city_id`,`city`,`country_id`,`last_update`)
Values
('587','Yinchuan','23','2006-02-15 04:45:25.000')
;
Insert into city
 (`city_id`,`city`,`country_id`,`last_update`)
Values
('588','Yingkou','23','2006-02-15 04:45:25.000')
;
Insert into city
 (`city_id`,`city`,`country_id`,`last_update`)
Values
('589','York','102','2006-02-15 04:45:25.000')
;
Insert into city
 (`city_id`,`city`,`country_id`,`last_update`)
Values
('590','Yuncheng','23','2006-02-15 04:45:25.000')
;
Insert into city
 (`city_id`,`city`,`country_id`,`last_update`)
Values
('591','Yuzhou','23','2006-02-15 04:45:25.000')
;
Insert into city
 (`city_id`,`city`,`country_id`,`last_update`)
Values
('592','Zalantun','23','2006-02-15 04:45:25.000')
;
Insert into city
 (`city_id`,`city`,`country_id`,`last_update`)
Values
('593','Zanzibar','93','2006-02-15 04:45:25.000')
;
Insert into city
 (`city_id`,`city`,`country_id`,`last_update`)
Values
('594','Zaoyang','23','2006-02-15 04:45:25.000')
;
Insert into city
 (`city_id`,`city`,`country_id`,`last_update`)
Values
('595','Zapopan','60','2006-02-15 04:45:25.000')
;
Insert into city
 (`city_id`,`city`,`country_id`,`last_update`)
Values
('596','Zaria','69','2006-02-15 04:45:25.000')
;
Insert into city
 (`city_id`,`city`,`country_id`,`last_update`)
Values
('597','Zeleznogorsk','80','2006-02-15 04:45:25.000')
;
Insert into city
 (`city_id`,`city`,`country_id`,`last_update`)
Values
('598','Zhezqazghan','51','2006-02-15 04:45:25.000')
;
Insert into city
 (`city_id`,`city`,`country_id`,`last_update`)
Values
('599','Zhoushan','23','2006-02-15 04:45:25.000')
;
Insert into city
 (`city_id`,`city`,`country_id`,`last_update`)
Values
('600','Ziguinchor','83','2006-02-15 04:45:25.000')
;
-- End of Script
--
--
SELECT * from address;
Insert into address
 (`address_id`,`address`,`address2`,`district`,`city_id`,`postal_code`,`phone`,`last_update`)
Values
 ('1','47 MySakila Drive',NULL,' ','300',NULL,' ','2006-02-15 04:45:30.000')
;
Insert into address
 (`address_id`,`address`,`address2`,`district`,`city_id`,`postal_code`,`phone`,`last_update`)
Values
 ('2','28 MySQL Boulevard',NULL,' ','576',NULL,' ','2006-02-15 04:45:30.000')
;
Insert into address
 (`address_id`,`address`,`address2`,`district`,`city_id`,`postal_code`,`phone`,`last_update`)
Values
 ('3','23 Workhaven Lane',NULL,' ','300',NULL,' ','2006-02-15 04:45:30.000')
;
Insert into address
 (`address_id`,`address`,`address2`,`district`,`city_id`,`postal_code`,`phone`,`last_update`)
Values
 ('4','1411 Lillydale Drive',NULL,' ','576',NULL,' ','2006-02-15 04:45:30.000')
;
Insert into address
 (`address_id`,`address`,`address2`,`district`,`city_id`,`postal_code`,`phone`,`last_update`)
Values
 ('5','1913 Hanoi Way',NULL,' ','463','35200',' ','2006-02-15 04:45:30.000')
;
Insert into address
 (`address_id`,`address`,`address2`,`district`,`city_id`,`postal_code`,`phone`,`last_update`)
Values
 ('6','1121 Loja Avenue',NULL,' ','449','17886',' ','2006-02-15 04:45:30.000')
;
Insert into address
 (`address_id`,`address`,`address2`,`district`,`city_id`,`postal_code`,`phone`,`last_update`)
Values
 ('7','692 Joliet Street',NULL,' ','38','83579',' ','2006-02-15 04:45:30.000')
;
Insert into address
 (`address_id`,`address`,`address2`,`district`,`city_id`,`postal_code`,`phone`,`last_update`)
Values
 ('8','1566 Inegl Manor',NULL,' ','349','53561',' ','2006-02-15 04:45:30.000')
;
Insert into address
 (`address_id`,`address`,`address2`,`district`,`city_id`,`postal_code`,`phone`,`last_update`)
Values
 ('9','53 Idfu Parkway',NULL,' ','361','42399',' ','2006-02-15 04:45:30.000')
;
Insert into address
 (`address_id`,`address`,`address2`,`district`,`city_id`,`postal_code`,`phone`,`last_update`)
Values
 ('10','1795 Santiago de Compostela Way',NULL,' ','295','18743',' ','2006-02-15 04:45:30.000')
;
Insert into address
 (`address_id`,`address`,`address2`,`district`,`city_id`,`postal_code`,`phone`,`last_update`)
Values
 ('11','900 Santiago de Compostela Parkway',NULL,' ','280','93896',' ','2006-02-15 04:45:30.000')
;
Insert into address
 (`address_id`,`address`,`address2`,`district`,`city_id`,`postal_code`,`phone`,`last_update`)
Values
 ('12','478 Joliet Way',NULL,' ','200','77948',' ','2006-02-15 04:45:30.000')
;
Insert into address
 (`address_id`,`address`,`address2`,`district`,`city_id`,`postal_code`,`phone`,`last_update`)
Values
 ('13','613 Korolev Drive',NULL,' ','329','45844',' ','2006-02-15 04:45:30.000')
;
Insert into address
 (`address_id`,`address`,`address2`,`district`,`city_id`,`postal_code`,`phone`,`last_update`)
Values
 ('14','1531 Sal Drive',NULL,' ','162','53628',' ','2006-02-15 04:45:30.000')
;
Insert into address
 (`address_id`,`address`,`address2`,`district`,`city_id`,`postal_code`,`phone`,`last_update`)
Values
 ('15','1542 Tarlac Parkway',NULL,' ','440','1027',' ','2006-02-15 04:45:30.000')
;
Insert into address
 (`address_id`,`address`,`address2`,`district`,`city_id`,`postal_code`,`phone`,`last_update`)
Values
 ('16','808 Bhopal Manor',NULL,' ','582','10672',' ','2006-02-15 04:45:30.000')
;
Insert into address
 (`address_id`,`address`,`address2`,`district`,`city_id`,`postal_code`,`phone`,`last_update`)
Values
 ('17','270 Amroha Parkway',NULL,' ','384','29610',' ','2006-02-15 04:45:30.000')
;
Insert into address
 (`address_id`,`address`,`address2`,`district`,`city_id`,`postal_code`,`phone`,`last_update`)
Values
 ('18','770 Bydgoszcz Avenue',NULL,' ','120','16266',' ','2006-02-15 04:45:30.000')
;
Insert into address
 (`address_id`,`address`,`address2`,`district`,`city_id`,`postal_code`,`phone`,`last_update`)
Values
 ('19','419 Iligan Lane',NULL,' ','76','72878',' ','2006-02-15 04:45:30.000')
;
Insert into address
 (`address_id`,`address`,`address2`,`district`,`city_id`,`postal_code`,`phone`,`last_update`)
Values
 ('20','360 Toulouse Parkway',NULL,' ','495','54308',' ','2006-02-15 04:45:30.000')
;
Insert into address
 (`address_id`,`address`,`address2`,`district`,`city_id`,`postal_code`,`phone`,`last_update`)
Values
 ('21','270 Toulon Boulevard',NULL,' ','156','81766',' ','2006-02-15 04:45:30.000')
;
Insert into address
 (`address_id`,`address`,`address2`,`district`,`city_id`,`postal_code`,`phone`,`last_update`)
Values
 ('22','320 Brest Avenue',NULL,' ','252','43331',' ','2006-02-15 04:45:30.000')
;
Insert into address
 (`address_id`,`address`,`address2`,`district`,`city_id`,`postal_code`,`phone`,`last_update`)
Values
 ('23','1417 Lancaster Avenue',NULL,' ','267','72192',' ','2006-02-15 04:45:30.000')
;
Insert into address
 (`address_id`,`address`,`address2`,`district`,`city_id`,`postal_code`,`phone`,`last_update`)
Values
 ('24','1688 Okara Way',NULL,' ','327','21954',' ','2006-02-15 04:45:30.000')
;
Insert into address
 (`address_id`,`address`,`address2`,`district`,`city_id`,`postal_code`,`phone`,`last_update`)
Values
 ('25','262 A Corua (La Corua) Parkway',NULL,' ','525','34418',' ','2006-02-15 04:45:30.000')
;
Insert into address
 (`address_id`,`address`,`address2`,`district`,`city_id`,`postal_code`,`phone`,`last_update`)
Values
 ('26','28 Charlotte Amalie Street',NULL,' ','443','37551',' ','2006-02-15 04:45:30.000')
;
Insert into address
 (`address_id`,`address`,`address2`,`district`,`city_id`,`postal_code`,`phone`,`last_update`)
Values
 ('27','1780 Hino Boulevard',NULL,' ','303','7716',' ','2006-02-15 04:45:30.000')
;
Insert into address
 (`address_id`,`address`,`address2`,`district`,`city_id`,`postal_code`,`phone`,`last_update`)
Values
 ('28','96 Tafuna Way',NULL,' ','128','99865',' ','2006-02-15 04:45:30.000')
;
Insert into address
 (`address_id`,`address`,`address2`,`district`,`city_id`,`postal_code`,`phone`,`last_update`)
Values
 ('29','934 San Felipe de Puerto Plata Street',NULL,' ','472','99780',' ','2006-02-15 04:45:30.000')
;
Insert into address
 (`address_id`,`address`,`address2`,`district`,`city_id`,`postal_code`,`phone`,`last_update`)
Values
 ('30','18 Duisburg Boulevard',NULL,' ','121','58327',' ','2006-02-15 04:45:30.000')
;
Insert into address
 (`address_id`,`address`,`address2`,`district`,`city_id`,`postal_code`,`phone`,`last_update`)
Values
 ('31','217 Botshabelo Place',NULL,' ','138','49521',' ','2006-02-15 04:45:30.000')
;
Insert into address
 (`address_id`,`address`,`address2`,`district`,`city_id`,`postal_code`,`phone`,`last_update`)
Values
 ('32','1425 Shikarpur Manor',NULL,' ','346','65599',' ','2006-02-15 04:45:30.000')
;
Insert into address
 (`address_id`,`address`,`address2`,`district`,`city_id`,`postal_code`,`phone`,`last_update`)
Values
 ('33','786 Aurora Avenue',NULL,' ','474','65750',' ','2006-02-15 04:45:30.000')
;
Insert into address
 (`address_id`,`address`,`address2`,`district`,`city_id`,`postal_code`,`phone`,`last_update`)
Values
 ('34','1668 Anpolis Street',NULL,' ','316','50199',' ','2006-02-15 04:45:30.000')
;
Insert into address
 (`address_id`,`address`,`address2`,`district`,`city_id`,`postal_code`,`phone`,`last_update`)
Values
 ('35','33 Gorontalo Way',NULL,' ','257','30348',' ','2006-02-15 04:45:30.000')
;
Insert into address
 (`address_id`,`address`,`address2`,`district`,`city_id`,`postal_code`,`phone`,`last_update`)
Values
 ('36','176 Mandaluyong Place',NULL,' ','239','65213',' ','2006-02-15 04:45:30.000')
;
Insert into address
 (`address_id`,`address`,`address2`,`district`,`city_id`,`postal_code`,`phone`,`last_update`)
Values
 ('37','127 Purnea (Purnia) Manor',NULL,' ','17','79388',' ','2006-02-15 04:45:30.000')
;
Insert into address
 (`address_id`,`address`,`address2`,`district`,`city_id`,`postal_code`,`phone`,`last_update`)
Values
 ('38','61 Tama Street',NULL,' ','284','94065',' ','2006-02-15 04:45:30.000')
;
Insert into address
 (`address_id`,`address`,`address2`,`district`,`city_id`,`postal_code`,`phone`,`last_update`)
Values
 ('39','391 Callao Drive',NULL,' ','544','34021',' ','2006-02-15 04:45:30.000')
;
Insert into address
 (`address_id`,`address`,`address2`,`district`,`city_id`,`postal_code`,`phone`,`last_update`)
Values
 ('40','334 Munger (Monghyr) Lane',NULL,' ','31','38145',' ','2006-02-15 04:45:30.000')
;
Insert into address
 (`address_id`,`address`,`address2`,`district`,`city_id`,`postal_code`,`phone`,`last_update`)
Values
 ('41','1440 Fukuyama Loop',NULL,' ','362','47929',' ','2006-02-15 04:45:30.000')
;
Insert into address
 (`address_id`,`address`,`address2`,`district`,`city_id`,`postal_code`,`phone`,`last_update`)
Values
 ('42','269 Cam Ranh Parkway',NULL,' ','115','34689',' ','2006-02-15 04:45:30.000')
;
Insert into address
 (`address_id`,`address`,`address2`,`district`,`city_id`,`postal_code`,`phone`,`last_update`)
Values
 ('43','306 Antofagasta Place',NULL,' ','569','3989',' ','2006-02-15 04:45:30.000')
;
Insert into address
 (`address_id`,`address`,`address2`,`district`,`city_id`,`postal_code`,`phone`,`last_update`)
Values
 ('44','671 Graz Street',NULL,' ','353','94399',' ','2006-02-15 04:45:30.000')
;
Insert into address
 (`address_id`,`address`,`address2`,`district`,`city_id`,`postal_code`,`phone`,`last_update`)
Values
 ('45','42 Brindisi Place',NULL,' ','586','16744',' ','2006-02-15 04:45:30.000')
;
Insert into address
 (`address_id`,`address`,`address2`,`district`,`city_id`,`postal_code`,`phone`,`last_update`)
Values
 ('46','1632 Bislig Avenue',NULL,' ','394','61117',' ','2006-02-15 04:45:30.000')
;
Insert into address
 (`address_id`,`address`,`address2`,`district`,`city_id`,`postal_code`,`phone`,`last_update`)
Values
 ('47','1447 Imus Way',NULL,' ','167','48942',' ','2006-02-15 04:45:30.000')
;
Insert into address
 (`address_id`,`address`,`address2`,`district`,`city_id`,`postal_code`,`phone`,`last_update`)
Values
 ('48','1998 Halifax Drive',NULL,' ','308','76022',' ','2006-02-15 04:45:30.000')
;
Insert into address
 (`address_id`,`address`,`address2`,`district`,`city_id`,`postal_code`,`phone`,`last_update`)
Values
 ('49','1718 Valencia Street',NULL,' ','27','37359',' ','2006-02-15 04:45:30.000')
;
Insert into address
 (`address_id`,`address`,`address2`,`district`,`city_id`,`postal_code`,`phone`,`last_update`)
Values
 ('50','46 Pjatigorsk Lane',NULL,' ','343','23616',' ','2006-02-15 04:45:30.000')
;
Insert into address
 (`address_id`,`address`,`address2`,`district`,`city_id`,`postal_code`,`phone`,`last_update`)
Values
 ('51','686 Garland Manor',NULL,' ','247','52535',' ','2006-02-15 04:45:30.000')
;
Insert into address
 (`address_id`,`address`,`address2`,`district`,`city_id`,`postal_code`,`phone`,`last_update`)
Values
 ('52','909 Garland Manor',NULL,' ','367','69367',' ','2006-02-15 04:45:30.000')
;
Insert into address
 (`address_id`,`address`,`address2`,`district`,`city_id`,`postal_code`,`phone`,`last_update`)
Values
 ('53','725 Isesaki Place',NULL,' ','237','74428',' ','2006-02-15 04:45:30.000')
;
Insert into address
 (`address_id`,`address`,`address2`,`district`,`city_id`,`postal_code`,`phone`,`last_update`)
Values
 ('54','115 Hidalgo Parkway',NULL,' ','379','80168',' ','2006-02-15 04:45:30.000')
;
Insert into address
 (`address_id`,`address`,`address2`,`district`,`city_id`,`postal_code`,`phone`,`last_update`)
Values
 ('55','1135 Izumisano Parkway',NULL,' ','171','48150',' ','2006-02-15 04:45:30.000')
;
Insert into address
 (`address_id`,`address`,`address2`,`district`,`city_id`,`postal_code`,`phone`,`last_update`)
Values
 ('56','939 Probolinggo Loop',NULL,' ','1','4166',' ','2006-02-15 04:45:30.000')
;
Insert into address
 (`address_id`,`address`,`address2`,`district`,`city_id`,`postal_code`,`phone`,`last_update`)
Values
 ('57','17 Kabul Boulevard',NULL,' ','355','38594',' ','2006-02-15 04:45:30.000')
;
Insert into address
 (`address_id`,`address`,`address2`,`district`,`city_id`,`postal_code`,`phone`,`last_update`)
Values
 ('58','1964 Allappuzha (Alleppey) Street',NULL,' ','227','48980',' ','2006-02-15 04:45:30.000')
;
Insert into address
 (`address_id`,`address`,`address2`,`district`,`city_id`,`postal_code`,`phone`,`last_update`)
Values
 ('59','1697 Kowloon and New Kowloon Loop',NULL,' ','49','57807',' ','2006-02-15 04:45:30.000')
;
Insert into address
 (`address_id`,`address`,`address2`,`district`,`city_id`,`postal_code`,`phone`,`last_update`)
Values
 ('60','1668 Saint Louis Place',NULL,' ','397','39072',' ','2006-02-15 04:45:30.000')
;
Insert into address
 (`address_id`,`address`,`address2`,`district`,`city_id`,`postal_code`,`phone`,`last_update`)
Values
 ('61','943 Tokat Street',NULL,' ','560','45428',' ','2006-02-15 04:45:30.000')
;
Insert into address
 (`address_id`,`address`,`address2`,`district`,`city_id`,`postal_code`,`phone`,`last_update`)
Values
 ('62','1114 Liepaja Street',NULL,' ','282','69226',' ','2006-02-15 04:45:30.000')
;
Insert into address
 (`address_id`,`address`,`address2`,`district`,`city_id`,`postal_code`,`phone`,`last_update`)
Values
 ('63','1213 Ranchi Parkway',NULL,' ','350','94352',' ','2006-02-15 04:45:30.000')
;
Insert into address
 (`address_id`,`address`,`address2`,`district`,`city_id`,`postal_code`,`phone`,`last_update`)
Values
 ('64','81 Hodeida Way',NULL,' ','231','55561',' ','2006-02-15 04:45:30.000')
;
Insert into address
 (`address_id`,`address`,`address2`,`district`,`city_id`,`postal_code`,`phone`,`last_update`)
Values
 ('65','915 Ponce Place',NULL,' ','56','83980',' ','2006-02-15 04:45:30.000')
;
Insert into address
 (`address_id`,`address`,`address2`,`district`,`city_id`,`postal_code`,`phone`,`last_update`)
Values
 ('66','1717 Guadalajara Lane',NULL,' ','441','85505',' ','2006-02-15 04:45:30.000')
;
Insert into address
 (`address_id`,`address`,`address2`,`district`,`city_id`,`postal_code`,`phone`,`last_update`)
Values
 ('67','1214 Hanoi Way',NULL,' ','306','67055',' ','2006-02-15 04:45:30.000')
;
Insert into address
 (`address_id`,`address`,`address2`,`district`,`city_id`,`postal_code`,`phone`,`last_update`)
Values
 ('68','1966 Amroha Avenue',NULL,' ','139','70385',' ','2006-02-15 04:45:30.000')
;
Insert into address
 (`address_id`,`address`,`address2`,`district`,`city_id`,`postal_code`,`phone`,`last_update`)
Values
 ('69','698 Otsu Street',NULL,' ','105','71110',' ','2006-02-15 04:45:30.000')
;
Insert into address
 (`address_id`,`address`,`address2`,`district`,`city_id`,`postal_code`,`phone`,`last_update`)
Values
 ('70','1150 Kimchon Manor',NULL,' ','321','96109',' ','2006-02-15 04:45:30.000')
;
Insert into address
 (`address_id`,`address`,`address2`,`district`,`city_id`,`postal_code`,`phone`,`last_update`)
Values
 ('71','1586 Guaruj Place',NULL,' ','579','5135',' ','2006-02-15 04:45:30.000')
;
Insert into address
 (`address_id`,`address`,`address2`,`district`,`city_id`,`postal_code`,`phone`,`last_update`)
Values
 ('72','57 Arlington Manor',NULL,' ','475','48960',' ','2006-02-15 04:45:30.000')
;
Insert into address
 (`address_id`,`address`,`address2`,`district`,`city_id`,`postal_code`,`phone`,`last_update`)
Values
 ('73','1031 Daugavpils Parkway',NULL,' ','63','59025',' ','2006-02-15 04:45:30.000')
;
Insert into address
 (`address_id`,`address`,`address2`,`district`,`city_id`,`postal_code`,`phone`,`last_update`)
Values
 ('74','1124 Buenaventura Drive',NULL,' ','13','6856',' ','2006-02-15 04:45:30.000')
;
Insert into address
 (`address_id`,`address`,`address2`,`district`,`city_id`,`postal_code`,`phone`,`last_update`)
Values
 ('75','492 Cam Ranh Street',NULL,' ','61','50805',' ','2006-02-15 04:45:30.000')
;
Insert into address
 (`address_id`,`address`,`address2`,`district`,`city_id`,`postal_code`,`phone`,`last_update`)
Values
 ('76','89 Allappuzha (Alleppey) Manor',NULL,' ','517','75444',' ','2006-02-15 04:45:30.000')
;
Insert into address
 (`address_id`,`address`,`address2`,`district`,`city_id`,`postal_code`,`phone`,`last_update`)
Values
 ('77','1947 Poos de Caldas Boulevard',NULL,' ','114','60951',' ','2006-02-15 04:45:30.000')
;
Insert into address
 (`address_id`,`address`,`address2`,`district`,`city_id`,`postal_code`,`phone`,`last_update`)
Values
 ('78','1206 Dos Quebradas Place',NULL,' ','431','20207',' ','2006-02-15 04:45:30.000')
;
Insert into address
 (`address_id`,`address`,`address2`,`district`,`city_id`,`postal_code`,`phone`,`last_update`)
Values
 ('79','1551 Rampur Lane',NULL,' ','108','72394',' ','2006-02-15 04:45:30.000')
;
Insert into address
 (`address_id`,`address`,`address2`,`district`,`city_id`,`postal_code`,`phone`,`last_update`)
Values
 ('80','602 Paarl Street',NULL,' ','402','98889',' ','2006-02-15 04:45:30.000')
;
Insert into address
 (`address_id`,`address`,`address2`,`district`,`city_id`,`postal_code`,`phone`,`last_update`)
Values
 ('81','1692 Ede Loop',NULL,' ','30','9223',' ','2006-02-15 04:45:30.000')
;
Insert into address
 (`address_id`,`address`,`address2`,`district`,`city_id`,`postal_code`,`phone`,`last_update`)
Values
 ('82','936 Salzburg Lane',NULL,' ','425','96709',' ','2006-02-15 04:45:30.000')
;
Insert into address
 (`address_id`,`address`,`address2`,`district`,`city_id`,`postal_code`,`phone`,`last_update`)
Values
 ('83','586 Tete Way',NULL,' ','256','1079',' ','2006-02-15 04:45:30.000')
;
Insert into address
 (`address_id`,`address`,`address2`,`district`,`city_id`,`postal_code`,`phone`,`last_update`)
Values
 ('84','1888 Kabul Drive',NULL,' ','217','20936',' ','2006-02-15 04:45:30.000')
;
Insert into address
 (`address_id`,`address`,`address2`,`district`,`city_id`,`postal_code`,`phone`,`last_update`)
Values
 ('85','320 Baiyin Parkway',NULL,' ','319','37307',' ','2006-02-15 04:45:30.000')
;
Insert into address
 (`address_id`,`address`,`address2`,`district`,`city_id`,`postal_code`,`phone`,`last_update`)
Values
 ('86','927 Baha Blanca Parkway',NULL,' ','479','9495',' ','2006-02-15 04:45:30.000')
;
Insert into address
 (`address_id`,`address`,`address2`,`district`,`city_id`,`postal_code`,`phone`,`last_update`)
Values
 ('87','929 Tallahassee Loop',NULL,' ','497','74671',' ','2006-02-15 04:45:30.000')
;
Insert into address
 (`address_id`,`address`,`address2`,`district`,`city_id`,`postal_code`,`phone`,`last_update`)
Values
 ('88','125 Citt del Vaticano Boulevard',NULL,' ','40','67912',' ','2006-02-15 04:45:30.000')
;
Insert into address
 (`address_id`,`address`,`address2`,`district`,`city_id`,`postal_code`,`phone`,`last_update`)
Values
 ('89','1557 Ktahya Boulevard',NULL,' ','88','88002',' ','2006-02-15 04:45:30.000')
;
Insert into address
 (`address_id`,`address`,`address2`,`district`,`city_id`,`postal_code`,`phone`,`last_update`)
Values
 ('90','870 Ashqelon Loop',NULL,' ','489','84931',' ','2006-02-15 04:45:30.000')
;
Insert into address
 (`address_id`,`address`,`address2`,`district`,`city_id`,`postal_code`,`phone`,`last_update`)
Values
 ('91','1740 Portoviejo Avenue',NULL,' ','480','29932',' ','2006-02-15 04:45:30.000')
;
Insert into address
 (`address_id`,`address`,`address2`,`district`,`city_id`,`postal_code`,`phone`,`last_update`)
Values
 ('92','1942 Ciparay Parkway',NULL,' ','113','82624',' ','2006-02-15 04:45:30.000')
;
Insert into address
 (`address_id`,`address`,`address2`,`district`,`city_id`,`postal_code`,`phone`,`last_update`)
Values
 ('93','1926 El Alto Avenue',NULL,' ','289','75543',' ','2006-02-15 04:45:30.000')
;
Insert into address
 (`address_id`,`address`,`address2`,`district`,`city_id`,`postal_code`,`phone`,`last_update`)
Values
 ('94','1952 Chatsworth Drive',NULL,' ','332','25958',' ','2006-02-15 04:45:30.000')
;
Insert into address
 (`address_id`,`address`,`address2`,`district`,`city_id`,`postal_code`,`phone`,`last_update`)
Values
 ('95','1370 Le Mans Avenue',NULL,' ','53','52163',' ','2006-02-15 04:45:30.000')
;
Insert into address
 (`address_id`,`address`,`address2`,`district`,`city_id`,`postal_code`,`phone`,`last_update`)
Values
 ('96','984 Effon-Alaiye Avenue',NULL,' ','183','17119',' ','2006-02-15 04:45:30.000')
;
Insert into address
 (`address_id`,`address`,`address2`,`district`,`city_id`,`postal_code`,`phone`,`last_update`)
Values
 ('97','832 Nakhon Sawan Manor',NULL,' ','592','49021',' ','2006-02-15 04:45:30.000')
;
Insert into address
 (`address_id`,`address`,`address2`,`district`,`city_id`,`postal_code`,`phone`,`last_update`)
Values
 ('98','152 Kitwe Parkway',NULL,' ','82','53182',' ','2006-02-15 04:45:30.000')
;
Insert into address
 (`address_id`,`address`,`address2`,`district`,`city_id`,`postal_code`,`phone`,`last_update`)
Values
 ('99','1697 Tanauan Lane',NULL,' ','399','22870',' ','2006-02-15 04:45:30.000')
;
Insert into address
 (`address_id`,`address`,`address2`,`district`,`city_id`,`postal_code`,`phone`,`last_update`)
Values
 ('100','1308 Arecibo Way',NULL,' ','41','30695',' ','2006-02-15 04:45:30.000')
;
Insert into address
 (`address_id`,`address`,`address2`,`district`,`city_id`,`postal_code`,`phone`,`last_update`)
Values
 ('101','1599 Plock Drive',NULL,' ','534','71986',' ','2006-02-15 04:45:30.000')
;
Insert into address
 (`address_id`,`address`,`address2`,`district`,`city_id`,`postal_code`,`phone`,`last_update`)
Values
 ('102','669 Firozabad Loop',NULL,' ','12','92265',' ','2006-02-15 04:45:30.000')
;
Insert into address
 (`address_id`,`address`,`address2`,`district`,`city_id`,`postal_code`,`phone`,`last_update`)
Values
 ('103','588 Vila Velha Manor',NULL,' ','268','51540',' ','2006-02-15 04:45:30.000')
;
Insert into address
 (`address_id`,`address`,`address2`,`district`,`city_id`,`postal_code`,`phone`,`last_update`)
Values
 ('104','1913 Kamakura Place',NULL,' ','238','97287',' ','2006-02-15 04:45:30.000')
;
Insert into address
 (`address_id`,`address`,`address2`,`district`,`city_id`,`postal_code`,`phone`,`last_update`)
Values
 ('105','733 Mandaluyong Place',NULL,' ','2','77459',' ','2006-02-15 04:45:30.000')
;
Insert into address
 (`address_id`,`address`,`address2`,`district`,`city_id`,`postal_code`,`phone`,`last_update`)
Values
 ('106','659 Vaduz Drive',NULL,' ','34','49708',' ','2006-02-15 04:45:30.000')
;
Insert into address
 (`address_id`,`address`,`address2`,`district`,`city_id`,`postal_code`,`phone`,`last_update`)
Values
 ('107','1177 Jelets Way',NULL,' ','220','3305',' ','2006-02-15 04:45:30.000')
;
Insert into address
 (`address_id`,`address`,`address2`,`district`,`city_id`,`postal_code`,`phone`,`last_update`)
Values
 ('108','1386 Yangor Avenue',NULL,' ','543','80720',' ','2006-02-15 04:45:30.000')
;
Insert into address
 (`address_id`,`address`,`address2`,`district`,`city_id`,`postal_code`,`phone`,`last_update`)
Values
 ('109','454 Nakhon Sawan Boulevard',NULL,' ','173','76383',' ','2006-02-15 04:45:30.000')
;
Insert into address
 (`address_id`,`address`,`address2`,`district`,`city_id`,`postal_code`,`phone`,`last_update`)
Values
 ('110','1867 San Juan Bautista Tuxtepec Avenue',NULL,' ','225','78311',' ','2006-02-15 04:45:30.000')
;
Insert into address
 (`address_id`,`address`,`address2`,`district`,`city_id`,`postal_code`,`phone`,`last_update`)
Values
 ('111','1532 Dzerzinsk Way',NULL,' ','334','9599',' ','2006-02-15 04:45:30.000')
;
Insert into address
 (`address_id`,`address`,`address2`,`district`,`city_id`,`postal_code`,`phone`,`last_update`)
Values
 ('112','1002 Ahmadnagar Manor',NULL,' ','213','93026',' ','2006-02-15 04:45:30.000')
;
Insert into address
 (`address_id`,`address`,`address2`,`district`,`city_id`,`postal_code`,`phone`,`last_update`)
Values
 ('113','682 Junan Way',NULL,' ','273','30418',' ','2006-02-15 04:45:30.000')
;
Insert into address
 (`address_id`,`address`,`address2`,`district`,`city_id`,`postal_code`,`phone`,`last_update`)
Values
 ('114','804 Elista Drive',NULL,' ','159','61069',' ','2006-02-15 04:45:30.000')
;
Insert into address
 (`address_id`,`address`,`address2`,`district`,`city_id`,`postal_code`,`phone`,`last_update`)
Values
 ('115','1378 Alvorada Avenue',NULL,' ','102','75834',' ','2006-02-15 04:45:30.000')
;
Insert into address
 (`address_id`,`address`,`address2`,`district`,`city_id`,`postal_code`,`phone`,`last_update`)
Values
 ('116','793 Cam Ranh Avenue',NULL,' ','292','87057',' ','2006-02-15 04:45:30.000')
;
Insert into address
 (`address_id`,`address`,`address2`,`district`,`city_id`,`postal_code`,`phone`,`last_update`)
Values
 ('117','1079 Tel Aviv-Jaffa Boulevard',NULL,' ','132','10885',' ','2006-02-15 04:45:30.000')
;
Insert into address
 (`address_id`,`address`,`address2`,`district`,`city_id`,`postal_code`,`phone`,`last_update`)
Values
 ('118','442 Rae Bareli Place',NULL,' ','148','24321',' ','2006-02-15 04:45:30.000')
;
Insert into address
 (`address_id`,`address`,`address2`,`district`,`city_id`,`postal_code`,`phone`,`last_update`)
Values
 ('119','1107 Nakhon Sawan Avenue',NULL,' ','365','75149',' ','2006-02-15 04:45:30.000')
;
Insert into address
 (`address_id`,`address`,`address2`,`district`,`city_id`,`postal_code`,`phone`,`last_update`)
Values
 ('120','544 Malm Parkway',NULL,' ','403','63502',' ','2006-02-15 04:45:30.000')
;
Insert into address
 (`address_id`,`address`,`address2`,`district`,`city_id`,`postal_code`,`phone`,`last_update`)
Values
 ('121','1967 Sincelejo Place',NULL,' ','176','73644',' ','2006-02-15 04:45:30.000')
;
Insert into address
 (`address_id`,`address`,`address2`,`district`,`city_id`,`postal_code`,`phone`,`last_update`)
Values
 ('122','333 Goinia Way',NULL,' ','185','78625',' ','2006-02-15 04:45:30.000')
;
Insert into address
 (`address_id`,`address`,`address2`,`district`,`city_id`,`postal_code`,`phone`,`last_update`)
Values
 ('123','1987 Coacalco de Berriozbal Loop',NULL,' ','476','96065',' ','2006-02-15 04:45:30.000')
;
Insert into address
 (`address_id`,`address`,`address2`,`district`,`city_id`,`postal_code`,`phone`,`last_update`)
Values
 ('124','241 Mosul Lane',NULL,' ','147','76157',' ','2006-02-15 04:45:30.000')
;
Insert into address
 (`address_id`,`address`,`address2`,`district`,`city_id`,`postal_code`,`phone`,`last_update`)
Values
 ('125','211 Chiayi Drive',NULL,' ','164','58186',' ','2006-02-15 04:45:30.000')
;
Insert into address
 (`address_id`,`address`,`address2`,`district`,`city_id`,`postal_code`,`phone`,`last_update`)
Values
 ('126','1175 Tanauan Way',NULL,' ','305','64615',' ','2006-02-15 04:45:30.000')
;
Insert into address
 (`address_id`,`address`,`address2`,`district`,`city_id`,`postal_code`,`phone`,`last_update`)
Values
 ('127','117 Boa Vista Way',NULL,' ','566','6804',' ','2006-02-15 04:45:30.000')
;
Insert into address
 (`address_id`,`address`,`address2`,`district`,`city_id`,`postal_code`,`phone`,`last_update`)
Values
 ('128','848 Tafuna Manor',NULL,' ','281','45142',' ','2006-02-15 04:45:30.000')
;
Insert into address
 (`address_id`,`address`,`address2`,`district`,`city_id`,`postal_code`,`phone`,`last_update`)
Values
 ('129','569 Baicheng Lane',NULL,' ','85','60304',' ','2006-02-15 04:45:30.000')
;
Insert into address
 (`address_id`,`address`,`address2`,`district`,`city_id`,`postal_code`,`phone`,`last_update`)
Values
 ('130','1666 Qomsheh Drive',NULL,' ','410','66255',' ','2006-02-15 04:45:30.000')
;
Insert into address
 (`address_id`,`address`,`address2`,`district`,`city_id`,`postal_code`,`phone`,`last_update`)
Values
 ('131','801 Hagonoy Drive',NULL,' ','484','8439',' ','2006-02-15 04:45:30.000')
;
Insert into address
 (`address_id`,`address`,`address2`,`district`,`city_id`,`postal_code`,`phone`,`last_update`)
Values
 ('132','1050 Garden Grove Avenue',NULL,' ','236','4999',' ','2006-02-15 04:45:30.000')
;
Insert into address
 (`address_id`,`address`,`address2`,`district`,`city_id`,`postal_code`,`phone`,`last_update`)
Values
 ('133','1854 Tieli Street',NULL,' ','302','15819',' ','2006-02-15 04:45:30.000')
;
Insert into address
 (`address_id`,`address`,`address2`,`district`,`city_id`,`postal_code`,`phone`,`last_update`)
Values
 ('134','758 Junan Lane',NULL,' ','190','82639',' ','2006-02-15 04:45:30.000')
;
Insert into address
 (`address_id`,`address`,`address2`,`district`,`city_id`,`postal_code`,`phone`,`last_update`)
Values
 ('135','1752 So Leopoldo Parkway',NULL,' ','345','14014',' ','2006-02-15 04:45:30.000')
;
Insert into address
 (`address_id`,`address`,`address2`,`district`,`city_id`,`postal_code`,`phone`,`last_update`)
Values
 ('136','898 Belm Manor',NULL,' ','87','49757',' ','2006-02-15 04:45:30.000')
;
Insert into address
 (`address_id`,`address`,`address2`,`district`,`city_id`,`postal_code`,`phone`,`last_update`)
Values
 ('137','261 Saint Louis Way',NULL,' ','541','83401',' ','2006-02-15 04:45:30.000')
;
Insert into address
 (`address_id`,`address`,`address2`,`district`,`city_id`,`postal_code`,`phone`,`last_update`)
Values
 ('138','765 Southampton Drive',NULL,' ','421','4285',' ','2006-02-15 04:45:30.000')
;
Insert into address
 (`address_id`,`address`,`address2`,`district`,`city_id`,`postal_code`,`phone`,`last_update`)
Values
 ('139','943 Johannesburg Avenue',NULL,' ','417','5892',' ','2006-02-15 04:45:30.000')
;
Insert into address
 (`address_id`,`address`,`address2`,`district`,`city_id`,`postal_code`,`phone`,`last_update`)
Values
 ('140','788 Atinsk Street',NULL,' ','211','81691',' ','2006-02-15 04:45:30.000')
;
Insert into address
 (`address_id`,`address`,`address2`,`district`,`city_id`,`postal_code`,`phone`,`last_update`)
Values
 ('141','1749 Daxian Place',NULL,' ','29','11044',' ','2006-02-15 04:45:30.000')
;
Insert into address
 (`address_id`,`address`,`address2`,`district`,`city_id`,`postal_code`,`phone`,`last_update`)
Values
 ('142','1587 Sullana Lane',NULL,' ','207','85769',' ','2006-02-15 04:45:30.000')
;
Insert into address
 (`address_id`,`address`,`address2`,`district`,`city_id`,`postal_code`,`phone`,`last_update`)
Values
 ('143','1029 Dzerzinsk Manor',NULL,' ','542','57519',' ','2006-02-15 04:45:30.000')
;
Insert into address
 (`address_id`,`address`,`address2`,`district`,`city_id`,`postal_code`,`phone`,`last_update`)
Values
 ('144','1666 Beni-Mellal Place',NULL,' ','123','13377',' ','2006-02-15 04:45:30.000')
;
Insert into address
 (`address_id`,`address`,`address2`,`district`,`city_id`,`postal_code`,`phone`,`last_update`)
Values
 ('145','928 Jaffna Loop',NULL,' ','172','93762',' ','2006-02-15 04:45:30.000')
;
Insert into address
 (`address_id`,`address`,`address2`,`district`,`city_id`,`postal_code`,`phone`,`last_update`)
Values
 ('146','483 Ljubertsy Parkway',NULL,' ','149','60562',' ','2006-02-15 04:45:30.000')
;
Insert into address
 (`address_id`,`address`,`address2`,`district`,`city_id`,`postal_code`,`phone`,`last_update`)
Values
 ('147','374 Bat Yam Boulevard',NULL,' ','266','97700',' ','2006-02-15 04:45:30.000')
;
Insert into address
 (`address_id`,`address`,`address2`,`district`,`city_id`,`postal_code`,`phone`,`last_update`)
Values
 ('148','1027 Songkhla Manor',NULL,' ','340','30861',' ','2006-02-15 04:45:30.000')
;
Insert into address
 (`address_id`,`address`,`address2`,`district`,`city_id`,`postal_code`,`phone`,`last_update`)
Values
 ('149','999 Sanaa Loop',NULL,' ','491','3439',' ','2006-02-15 04:45:30.000')
;
Insert into address
 (`address_id`,`address`,`address2`,`district`,`city_id`,`postal_code`,`phone`,`last_update`)
Values
 ('150','879 Newcastle Way',NULL,' ','499','90732',' ','2006-02-15 04:45:30.000')
;
Insert into address
 (`address_id`,`address`,`address2`,`district`,`city_id`,`postal_code`,`phone`,`last_update`)
Values
 ('151','1337 Lincoln Parkway',NULL,' ','555','99457',' ','2006-02-15 04:45:30.000')
;
Insert into address
 (`address_id`,`address`,`address2`,`district`,`city_id`,`postal_code`,`phone`,`last_update`)
Values
 ('152','1952 Pune Lane',NULL,' ','442','92150',' ','2006-02-15 04:45:30.000')
;
Insert into address
 (`address_id`,`address`,`address2`,`district`,`city_id`,`postal_code`,`phone`,`last_update`)
Values
 ('153','782 Mosul Street',NULL,' ','94','25545',' ','2006-02-15 04:45:30.000')
;
Insert into address
 (`address_id`,`address`,`address2`,`district`,`city_id`,`postal_code`,`phone`,`last_update`)
Values
 ('154','781 Shimonoseki Drive',NULL,' ','202','95444',' ','2006-02-15 04:45:30.000')
;
Insert into address
 (`address_id`,`address`,`address2`,`district`,`city_id`,`postal_code`,`phone`,`last_update`)
Values
 ('155','1560 Jelets Boulevard',NULL,' ','291','77777',' ','2006-02-15 04:45:30.000')
;
Insert into address
 (`address_id`,`address`,`address2`,`district`,`city_id`,`postal_code`,`phone`,`last_update`)
Values
 ('156','1963 Moscow Place',NULL,' ','354','64863',' ','2006-02-15 04:45:30.000')
;
Insert into address
 (`address_id`,`address`,`address2`,`district`,`city_id`,`postal_code`,`phone`,`last_update`)
Values
 ('157','456 Escobar Way',NULL,' ','232','36061',' ','2006-02-15 04:45:30.000')
;
Insert into address
 (`address_id`,`address`,`address2`,`district`,`city_id`,`postal_code`,`phone`,`last_update`)
Values
 ('158','798 Cianjur Avenue',NULL,' ','590','76990',' ','2006-02-15 04:45:30.000')
;
Insert into address
 (`address_id`,`address`,`address2`,`district`,`city_id`,`postal_code`,`phone`,`last_update`)
Values
 ('159','185 Novi Sad Place',NULL,' ','72','41778',' ','2006-02-15 04:45:30.000')
;
Insert into address
 (`address_id`,`address`,`address2`,`district`,`city_id`,`postal_code`,`phone`,`last_update`)
Values
 ('160','1367 Yantai Manor',NULL,' ','381','21294',' ','2006-02-15 04:45:30.000')
;
Insert into address
 (`address_id`,`address`,`address2`,`district`,`city_id`,`postal_code`,`phone`,`last_update`)
Values
 ('161','1386 Nakhon Sawan Boulevard',NULL,' ','420','53502',' ','2006-02-15 04:45:30.000')
;
Insert into address
 (`address_id`,`address`,`address2`,`district`,`city_id`,`postal_code`,`phone`,`last_update`)
Values
 ('162','369 Papeete Way',NULL,' ','187','66639',' ','2006-02-15 04:45:30.000')
;
Insert into address
 (`address_id`,`address`,`address2`,`district`,`city_id`,`postal_code`,`phone`,`last_update`)
Values
 ('163','1440 Compton Place',NULL,' ','307','81037',' ','2006-02-15 04:45:30.000')
;
Insert into address
 (`address_id`,`address`,`address2`,`district`,`city_id`,`postal_code`,`phone`,`last_update`)
Values
 ('164','1623 Baha Blanca Manor',NULL,' ','310','81511',' ','2006-02-15 04:45:30.000')
;
Insert into address
 (`address_id`,`address`,`address2`,`district`,`city_id`,`postal_code`,`phone`,`last_update`)
Values
 ('165','97 Shimoga Avenue',NULL,' ','533','44660',' ','2006-02-15 04:45:30.000')
;
Insert into address
 (`address_id`,`address`,`address2`,`district`,`city_id`,`postal_code`,`phone`,`last_update`)
Values
 ('166','1740 Le Mans Loop',NULL,' ','297','22853',' ','2006-02-15 04:45:30.000')
;
Insert into address
 (`address_id`,`address`,`address2`,`district`,`city_id`,`postal_code`,`phone`,`last_update`)
Values
 ('167','1287 Xiangfan Boulevard',NULL,' ','253','57844',' ','2006-02-15 04:45:30.000')
;
Insert into address
 (`address_id`,`address`,`address2`,`district`,`city_id`,`postal_code`,`phone`,`last_update`)
Values
 ('168','842 Salzburg Lane',NULL,' ','529','3313',' ','2006-02-15 04:45:30.000')
;
Insert into address
 (`address_id`,`address`,`address2`,`district`,`city_id`,`postal_code`,`phone`,`last_update`)
Values
 ('169','154 Tallahassee Loop',NULL,' ','199','62250',' ','2006-02-15 04:45:30.000')
;
Insert into address
 (`address_id`,`address`,`address2`,`district`,`city_id`,`postal_code`,`phone`,`last_update`)
Values
 ('170','710 San Felipe del Progreso Avenue',NULL,' ','304','76901',' ','2006-02-15 04:45:30.000')
;
Insert into address
 (`address_id`,`address`,`address2`,`district`,`city_id`,`postal_code`,`phone`,`last_update`)
Values
 ('171','1540 Wroclaw Drive',NULL,' ','107','62686',' ','2006-02-15 04:45:30.000')
;
Insert into address
 (`address_id`,`address`,`address2`,`district`,`city_id`,`postal_code`,`phone`,`last_update`)
Values
 ('172','475 Atinsk Way',NULL,' ','240','59571',' ','2006-02-15 04:45:30.000')
;
Insert into address
 (`address_id`,`address`,`address2`,`district`,`city_id`,`postal_code`,`phone`,`last_update`)
Values
 ('173','1294 Firozabad Drive',NULL,' ','407','70618',' ','2006-02-15 04:45:30.000')
;
Insert into address
 (`address_id`,`address`,`address2`,`district`,`city_id`,`postal_code`,`phone`,`last_update`)
Values
 ('174','1877 Ezhou Lane',NULL,' ','550','63337',' ','2006-02-15 04:45:30.000')
;
Insert into address
 (`address_id`,`address`,`address2`,`district`,`city_id`,`postal_code`,`phone`,`last_update`)
Values
 ('175','316 Uruapan Street',NULL,' ','223','58194',' ','2006-02-15 04:45:30.000')
;
Insert into address
 (`address_id`,`address`,`address2`,`district`,`city_id`,`postal_code`,`phone`,`last_update`)
Values
 ('176','29 Pyongyang Loop',NULL,' ','58','47753',' ','2006-02-15 04:45:30.000')
;
Insert into address
 (`address_id`,`address`,`address2`,`district`,`city_id`,`postal_code`,`phone`,`last_update`)
Values
 ('177','1010 Klerksdorp Way',NULL,' ','186','6802',' ','2006-02-15 04:45:30.000')
;
Insert into address
 (`address_id`,`address`,`address2`,`district`,`city_id`,`postal_code`,`phone`,`last_update`)
Values
 ('178','1848 Salala Boulevard',NULL,' ','373','25220',' ','2006-02-15 04:45:30.000')
;
Insert into address
 (`address_id`,`address`,`address2`,`district`,`city_id`,`postal_code`,`phone`,`last_update`)
Values
 ('179','431 Xiangtan Avenue',NULL,' ','18','4854',' ','2006-02-15 04:45:30.000')
;
Insert into address
 (`address_id`,`address`,`address2`,`district`,`city_id`,`postal_code`,`phone`,`last_update`)
Values
 ('180','757 Rustenburg Avenue',NULL,' ','483','89668',' ','2006-02-15 04:45:30.000')
;
Insert into address
 (`address_id`,`address`,`address2`,`district`,`city_id`,`postal_code`,`phone`,`last_update`)
Values
 ('181','146 Johannesburg Way',NULL,' ','330','54132',' ','2006-02-15 04:45:30.000')
;
Insert into address
 (`address_id`,`address`,`address2`,`district`,`city_id`,`postal_code`,`phone`,`last_update`)
Values
 ('182','1891 Rizhao Boulevard',NULL,' ','456','47288',' ','2006-02-15 04:45:30.000')
;
Insert into address
 (`address_id`,`address`,`address2`,`district`,`city_id`,`postal_code`,`phone`,`last_update`)
Values
 ('183','1089 Iwatsuki Avenue',NULL,' ','270','35109',' ','2006-02-15 04:45:30.000')
;
Insert into address
 (`address_id`,`address`,`address2`,`district`,`city_id`,`postal_code`,`phone`,`last_update`)
Values
 ('184','1410 Benin City Parkway',NULL,' ','405','29747',' ','2006-02-15 04:45:30.000')
;
Insert into address
 (`address_id`,`address`,`address2`,`district`,`city_id`,`postal_code`,`phone`,`last_update`)
Values
 ('185','682 Garden Grove Place',NULL,' ','333','67497',' ','2006-02-15 04:45:30.000')
;
Insert into address
 (`address_id`,`address`,`address2`,`district`,`city_id`,`postal_code`,`phone`,`last_update`)
Values
 ('186','533 al-Ayn Boulevard',NULL,' ','126','8862',' ','2006-02-15 04:45:30.000')
;
Insert into address
 (`address_id`,`address`,`address2`,`district`,`city_id`,`postal_code`,`phone`,`last_update`)
Values
 ('187','1839 Szkesfehrvr Parkway',NULL,' ','317','55709',' ','2006-02-15 04:45:30.000')
;
Insert into address
 (`address_id`,`address`,`address2`,`district`,`city_id`,`postal_code`,`phone`,`last_update`)
Values
 ('188','741 Ambattur Manor',NULL,' ','438','43310',' ','2006-02-15 04:45:30.000')
;
Insert into address
 (`address_id`,`address`,`address2`,`district`,`city_id`,`postal_code`,`phone`,`last_update`)
Values
 ('189','927 Barcelona Street',NULL,' ','467','65121',' ','2006-02-15 04:45:30.000')
;
Insert into address
 (`address_id`,`address`,`address2`,`district`,`city_id`,`postal_code`,`phone`,`last_update`)
Values
 ('190','435 0 Way',NULL,' ','195','74750',' ','2006-02-15 04:45:30.000')
;
Insert into address
 (`address_id`,`address`,`address2`,`district`,`city_id`,`postal_code`,`phone`,`last_update`)
Values
 ('191','140 Chiayi Parkway',NULL,' ','506','38982',' ','2006-02-15 04:45:30.000')
;
Insert into address
 (`address_id`,`address`,`address2`,`district`,`city_id`,`postal_code`,`phone`,`last_update`)
Values
 ('192','1166 Changhwa Street',NULL,' ','62','58852',' ','2006-02-15 04:45:30.000')
;
Insert into address
 (`address_id`,`address`,`address2`,`district`,`city_id`,`postal_code`,`phone`,`last_update`)
Values
 ('193','891 Novi Sad Manor',NULL,' ','383','5379',' ','2006-02-15 04:45:30.000')
;
Insert into address
 (`address_id`,`address`,`address2`,`district`,`city_id`,`postal_code`,`phone`,`last_update`)
Values
 ('194','605 Rio Claro Parkway',NULL,' ','513','49348',' ','2006-02-15 04:45:30.000')
;
Insert into address
 (`address_id`,`address`,`address2`,`district`,`city_id`,`postal_code`,`phone`,`last_update`)
Values
 ('195','1077 San Felipe de Puerto Plata Place',NULL,' ','369','65387',' ','2006-02-15 04:45:30.000')
;
Insert into address
 (`address_id`,`address`,`address2`,`district`,`city_id`,`postal_code`,`phone`,`last_update`)
Values
 ('196','9 San Miguel de Tucumn Manor',NULL,' ','169','90845',' ','2006-02-15 04:45:30.000')
;
Insert into address
 (`address_id`,`address`,`address2`,`district`,`city_id`,`postal_code`,`phone`,`last_update`)
Values
 ('197','447 Surakarta Loop',NULL,' ','271','10428',' ','2006-02-15 04:45:30.000')
;
Insert into address
 (`address_id`,`address`,`address2`,`district`,`city_id`,`postal_code`,`phone`,`last_update`)
Values
 ('198','345 Oshawa Boulevard',NULL,' ','204','32114',' ','2006-02-15 04:45:30.000')
;
Insert into address
 (`address_id`,`address`,`address2`,`district`,`city_id`,`postal_code`,`phone`,`last_update`)
Values
 ('199','1792 Valle de la Pascua Place',NULL,' ','477','15540',' ','2006-02-15 04:45:30.000')
;
Insert into address
 (`address_id`,`address`,`address2`,`district`,`city_id`,`postal_code`,`phone`,`last_update`)
Values
 ('200','1074 Binzhou Manor',NULL,' ','325','36490',' ','2006-02-15 04:45:30.000')
;
Insert into address
 (`address_id`,`address`,`address2`,`district`,`city_id`,`postal_code`,`phone`,`last_update`)
Values
 ('201','817 Bradford Loop',NULL,' ','109','89459',' ','2006-02-15 04:45:30.000')
;
Insert into address
 (`address_id`,`address`,`address2`,`district`,`city_id`,`postal_code`,`phone`,`last_update`)
Values
 ('202','955 Bamenda Way',NULL,' ','218','1545',' ','2006-02-15 04:45:30.000')
;
Insert into address
 (`address_id`,`address`,`address2`,`district`,`city_id`,`postal_code`,`phone`,`last_update`)
Values
 ('203','1149 A Corua (La Corua) Boulevard',NULL,' ','194','95824',' ','2006-02-15 04:45:30.000')
;
Insert into address
 (`address_id`,`address`,`address2`,`district`,`city_id`,`postal_code`,`phone`,`last_update`)
Values
 ('204','387 Mwene-Ditu Drive',NULL,' ','35','8073',' ','2006-02-15 04:45:30.000')
;
Insert into address
 (`address_id`,`address`,`address2`,`district`,`city_id`,`postal_code`,`phone`,`last_update`)
Values
 ('205','68 Molodetno Manor',NULL,' ','575','4662',' ','2006-02-15 04:45:30.000')
;
Insert into address
 (`address_id`,`address`,`address2`,`district`,`city_id`,`postal_code`,`phone`,`last_update`)
Values
 ('206','642 Nador Drive',NULL,' ','77','3924',' ','2006-02-15 04:45:30.000')
;
Insert into address
 (`address_id`,`address`,`address2`,`district`,`city_id`,`postal_code`,`phone`,`last_update`)
Values
 ('207','1688 Nador Lane',NULL,' ','184','61613',' ','2006-02-15 04:45:30.000')
;
Insert into address
 (`address_id`,`address`,`address2`,`district`,`city_id`,`postal_code`,`phone`,`last_update`)
Values
 ('208','1215 Pyongyang Parkway',NULL,' ','557','25238',' ','2006-02-15 04:45:30.000')
;
Insert into address
 (`address_id`,`address`,`address2`,`district`,`city_id`,`postal_code`,`phone`,`last_update`)
Values
 ('209','1679 Antofagasta Street',NULL,' ','122','86599',' ','2006-02-15 04:45:30.000')
;
Insert into address
 (`address_id`,`address`,`address2`,`district`,`city_id`,`postal_code`,`phone`,`last_update`)
Values
 ('210','1304 s-Hertogenbosch Way',NULL,' ','83','10925',' ','2006-02-15 04:45:30.000')
;
Insert into address
 (`address_id`,`address`,`address2`,`district`,`city_id`,`postal_code`,`phone`,`last_update`)
Values
 ('211','850 Salala Loop',NULL,' ','371','10800',' ','2006-02-15 04:45:30.000')
;
Insert into address
 (`address_id`,`address`,`address2`,`district`,`city_id`,`postal_code`,`phone`,`last_update`)
Values
 ('212','624 Oshawa Boulevard',NULL,' ','51','89959',' ','2006-02-15 04:45:30.000')
;
Insert into address
 (`address_id`,`address`,`address2`,`district`,`city_id`,`postal_code`,`phone`,`last_update`)
Values
 ('213','43 Dadu Avenue',NULL,' ','74','4855',' ','2006-02-15 04:45:30.000')
;
Insert into address
 (`address_id`,`address`,`address2`,`district`,`city_id`,`postal_code`,`phone`,`last_update`)
Values
 ('214','751 Lima Loop',NULL,' ','7','99405',' ','2006-02-15 04:45:30.000')
;
Insert into address
 (`address_id`,`address`,`address2`,`district`,`city_id`,`postal_code`,`phone`,`last_update`)
Values
 ('215','1333 Haldia Street',NULL,' ','174','82161',' ','2006-02-15 04:45:30.000')
;
Insert into address
 (`address_id`,`address`,`address2`,`district`,`city_id`,`postal_code`,`phone`,`last_update`)
Values
 ('216','660 Jedda Boulevard',NULL,' ','65','25053',' ','2006-02-15 04:45:30.000')
;
Insert into address
 (`address_id`,`address`,`address2`,`district`,`city_id`,`postal_code`,`phone`,`last_update`)
Values
 ('217','1001 Miyakonojo Lane',NULL,' ','518','67924',' ','2006-02-15 04:45:30.000')
;
Insert into address
 (`address_id`,`address`,`address2`,`district`,`city_id`,`postal_code`,`phone`,`last_update`)
Values
 ('218','226 Brest Manor',NULL,' ','508','2299',' ','2006-02-15 04:45:30.000')
;
Insert into address
 (`address_id`,`address`,`address2`,`district`,`city_id`,`postal_code`,`phone`,`last_update`)
Values
 ('219','1229 Valencia Parkway',NULL,' ','498','99124',' ','2006-02-15 04:45:30.000')
;
Insert into address
 (`address_id`,`address`,`address2`,`district`,`city_id`,`postal_code`,`phone`,`last_update`)
Values
 ('220','1201 Qomsheh Manor',NULL,' ','28','21464',' ','2006-02-15 04:45:30.000')
;
Insert into address
 (`address_id`,`address`,`address2`,`district`,`city_id`,`postal_code`,`phone`,`last_update`)
Values
 ('221','866 Shivapuri Manor',NULL,' ','448','22474',' ','2006-02-15 04:45:30.000')
;
Insert into address
 (`address_id`,`address`,`address2`,`district`,`city_id`,`postal_code`,`phone`,`last_update`)
Values
 ('222','1168 Najafabad Parkway',NULL,' ','251','40301',' ','2006-02-15 04:45:30.000')
;
Insert into address
 (`address_id`,`address`,`address2`,`district`,`city_id`,`postal_code`,`phone`,`last_update`)
Values
 ('223','1244 Allappuzha (Alleppey) Place',NULL,' ','567','20657',' ','2006-02-15 04:45:30.000')
;
Insert into address
 (`address_id`,`address`,`address2`,`district`,`city_id`,`postal_code`,`phone`,`last_update`)
Values
 ('224','1842 Luzinia Boulevard',NULL,' ','593','94420',' ','2006-02-15 04:45:30.000')
;
Insert into address
 (`address_id`,`address`,`address2`,`district`,`city_id`,`postal_code`,`phone`,`last_update`)
Values
 ('225','1926 Gingoog Street',NULL,' ','511','22824',' ','2006-02-15 04:45:30.000')
;
Insert into address
 (`address_id`,`address`,`address2`,`district`,`city_id`,`postal_code`,`phone`,`last_update`)
Values
 ('226','810 Palghat (Palakkad) Boulevard',NULL,' ','235','73431',' ','2006-02-15 04:45:30.000')
;
Insert into address
 (`address_id`,`address`,`address2`,`district`,`city_id`,`postal_code`,`phone`,`last_update`)
Values
 ('227','1820 Maring Parkway',NULL,' ','324','88307',' ','2006-02-15 04:45:30.000')
;
Insert into address
 (`address_id`,`address`,`address2`,`district`,`city_id`,`postal_code`,`phone`,`last_update`)
Values
 ('228','60 Poos de Caldas Street',NULL,' ','243','82338',' ','2006-02-15 04:45:30.000')
;
Insert into address
 (`address_id`,`address`,`address2`,`district`,`city_id`,`postal_code`,`phone`,`last_update`)
Values
 ('229','1014 Loja Manor',NULL,' ','22','66851',' ','2006-02-15 04:45:30.000')
;
Insert into address
 (`address_id`,`address`,`address2`,`district`,`city_id`,`postal_code`,`phone`,`last_update`)
Values
 ('230','201 Effon-Alaiye Way',NULL,' ','37','64344',' ','2006-02-15 04:45:30.000')
;
Insert into address
 (`address_id`,`address`,`address2`,`district`,`city_id`,`postal_code`,`phone`,`last_update`)
Values
 ('231','430 Alessandria Loop',NULL,' ','439','47446',' ','2006-02-15 04:45:30.000')
;
Insert into address
 (`address_id`,`address`,`address2`,`district`,`city_id`,`postal_code`,`phone`,`last_update`)
Values
 ('232','754 Valencia Place',NULL,' ','406','87911',' ','2006-02-15 04:45:30.000')
;
Insert into address
 (`address_id`,`address`,`address2`,`district`,`city_id`,`postal_code`,`phone`,`last_update`)
Values
 ('233','356 Olomouc Manor',NULL,' ','26','93323',' ','2006-02-15 04:45:30.000')
;
Insert into address
 (`address_id`,`address`,`address2`,`district`,`city_id`,`postal_code`,`phone`,`last_update`)
Values
 ('234','1256 Bislig Boulevard',NULL,' ','86','50598',' ','2006-02-15 04:45:30.000')
;
Insert into address
 (`address_id`,`address`,`address2`,`district`,`city_id`,`postal_code`,`phone`,`last_update`)
Values
 ('235','954 Kimchon Place',NULL,' ','559','42420',' ','2006-02-15 04:45:30.000')
;
Insert into address
 (`address_id`,`address`,`address2`,`district`,`city_id`,`postal_code`,`phone`,`last_update`)
Values
 ('236','885 Yingkou Manor',NULL,' ','596','31390',' ','2006-02-15 04:45:30.000')
;
Insert into address
 (`address_id`,`address`,`address2`,`district`,`city_id`,`postal_code`,`phone`,`last_update`)
Values
 ('237','1736 Cavite Place',NULL,' ','216','98775',' ','2006-02-15 04:45:30.000')
;
Insert into address
 (`address_id`,`address`,`address2`,`district`,`city_id`,`postal_code`,`phone`,`last_update`)
Values
 ('238','346 Skikda Parkway',NULL,' ','233','90628',' ','2006-02-15 04:45:30.000')
;
Insert into address
 (`address_id`,`address`,`address2`,`district`,`city_id`,`postal_code`,`phone`,`last_update`)
Values
 ('239','98 Stara Zagora Boulevard',NULL,' ','96','76448',' ','2006-02-15 04:45:30.000')
;
Insert into address
 (`address_id`,`address`,`address2`,`district`,`city_id`,`postal_code`,`phone`,`last_update`)
Values
 ('240','1479 Rustenburg Boulevard',NULL,' ','527','18727',' ','2006-02-15 04:45:30.000')
;
Insert into address
 (`address_id`,`address`,`address2`,`district`,`city_id`,`postal_code`,`phone`,`last_update`)
Values
 ('241','647 A Corua (La Corua) Street',NULL,' ','357','36971',' ','2006-02-15 04:45:30.000')
;
Insert into address
 (`address_id`,`address`,`address2`,`district`,`city_id`,`postal_code`,`phone`,`last_update`)
Values
 ('242','1964 Gijn Manor',NULL,' ','473','14408',' ','2006-02-15 04:45:30.000')
;
Insert into address
 (`address_id`,`address`,`address2`,`district`,`city_id`,`postal_code`,`phone`,`last_update`)
Values
 ('243','47 Syktyvkar Lane',NULL,' ','118','22236',' ','2006-02-15 04:45:30.000')
;
Insert into address
 (`address_id`,`address`,`address2`,`district`,`city_id`,`postal_code`,`phone`,`last_update`)
Values
 ('244','1148 Saarbrcken Parkway',NULL,' ','226','1921',' ','2006-02-15 04:45:30.000')
;
Insert into address
 (`address_id`,`address`,`address2`,`district`,`city_id`,`postal_code`,`phone`,`last_update`)
Values
 ('245','1103 Bilbays Parkway',NULL,' ','578','87660',' ','2006-02-15 04:45:30.000')
;
Insert into address
 (`address_id`,`address`,`address2`,`district`,`city_id`,`postal_code`,`phone`,`last_update`)
Values
 ('246','1246 Boksburg Parkway',NULL,' ','422','28349',' ','2006-02-15 04:45:30.000')
;
Insert into address
 (`address_id`,`address`,`address2`,`district`,`city_id`,`postal_code`,`phone`,`last_update`)
Values
 ('247','1483 Pathankot Street',NULL,' ','454','37288',' ','2006-02-15 04:45:30.000')
;
Insert into address
 (`address_id`,`address`,`address2`,`district`,`city_id`,`postal_code`,`phone`,`last_update`)
Values
 ('248','582 Papeete Loop',NULL,' ','294','27722',' ','2006-02-15 04:45:30.000')
;
Insert into address
 (`address_id`,`address`,`address2`,`district`,`city_id`,`postal_code`,`phone`,`last_update`)
Values
 ('249','300 Junan Street',NULL,' ','553','81314',' ','2006-02-15 04:45:30.000')
;
Insert into address
 (`address_id`,`address`,`address2`,`district`,`city_id`,`postal_code`,`phone`,`last_update`)
Values
 ('250','829 Grand Prairie Way',NULL,' ','328','6461',' ','2006-02-15 04:45:30.000')
;
Insert into address
 (`address_id`,`address`,`address2`,`district`,`city_id`,`postal_code`,`phone`,`last_update`)
Values
 ('251','1473 Changhwa Parkway',NULL,' ','124','75933',' ','2006-02-15 04:45:30.000')
;
Insert into address
 (`address_id`,`address`,`address2`,`district`,`city_id`,`postal_code`,`phone`,`last_update`)
Values
 ('252','1309 Weifang Street',NULL,' ','520','57338',' ','2006-02-15 04:45:30.000')
;
Insert into address
 (`address_id`,`address`,`address2`,`district`,`city_id`,`postal_code`,`phone`,`last_update`)
Values
 ('253','1760 Oshawa Manor',NULL,' ','535','38140',' ','2006-02-15 04:45:30.000')
;
Insert into address
 (`address_id`,`address`,`address2`,`district`,`city_id`,`postal_code`,`phone`,`last_update`)
Values
 ('254','786 Stara Zagora Way',NULL,' ','390','98332',' ','2006-02-15 04:45:30.000')
;
Insert into address
 (`address_id`,`address`,`address2`,`district`,`city_id`,`postal_code`,`phone`,`last_update`)
Values
 ('255','1966 Tonghae Street',NULL,' ','198','36481',' ','2006-02-15 04:45:30.000')
;
Insert into address
 (`address_id`,`address`,`address2`,`district`,`city_id`,`postal_code`,`phone`,`last_update`)
Values
 ('256','1497 Yuzhou Drive',NULL,' ','312','3433',' ','2006-02-15 04:45:30.000')
;
Insert into address
 (`address_id`,`address`,`address2`,`district`,`city_id`,`postal_code`,`phone`,`last_update`)
Values
 ('258','752 Ondo Loop',NULL,' ','338','32474',' ','2006-02-15 04:45:30.000')
;
Insert into address
 (`address_id`,`address`,`address2`,`district`,`city_id`,`postal_code`,`phone`,`last_update`)
Values
 ('259','1338 Zalantun Lane',NULL,' ','413','45403',' ','2006-02-15 04:45:30.000')
;
Insert into address
 (`address_id`,`address`,`address2`,`district`,`city_id`,`postal_code`,`phone`,`last_update`)
Values
 ('260','127 Iwakuni Boulevard',NULL,' ','192','20777',' ','2006-02-15 04:45:30.000')
;
Insert into address
 (`address_id`,`address`,`address2`,`district`,`city_id`,`postal_code`,`phone`,`last_update`)
Values
 ('261','51 Laredo Avenue',NULL,' ','342','68146',' ','2006-02-15 04:45:30.000')
;
Insert into address
 (`address_id`,`address`,`address2`,`district`,`city_id`,`postal_code`,`phone`,`last_update`)
Values
 ('262','771 Yaound Manor',NULL,' ','64','86768',' ','2006-02-15 04:45:30.000')
;
Insert into address
 (`address_id`,`address`,`address2`,`district`,`city_id`,`postal_code`,`phone`,`last_update`)
Values
 ('263','532 Toulon Street',NULL,' ','460','69517',' ','2006-02-15 04:45:30.000')
;
Insert into address
 (`address_id`,`address`,`address2`,`district`,`city_id`,`postal_code`,`phone`,`last_update`)
Values
 ('264','1027 Banjul Place',NULL,' ','197','50390',' ','2006-02-15 04:45:30.000')
;
Insert into address
 (`address_id`,`address`,`address2`,`district`,`city_id`,`postal_code`,`phone`,`last_update`)
Values
 ('265','1158 Mandi Bahauddin Parkway',NULL,' ','136','98484',' ','2006-02-15 04:45:30.000')
;
Insert into address
 (`address_id`,`address`,`address2`,`district`,`city_id`,`postal_code`,`phone`,`last_update`)
Values
 ('266','862 Xintai Lane',NULL,' ','548','30065',' ','2006-02-15 04:45:30.000')
;
Insert into address
 (`address_id`,`address`,`address2`,`district`,`city_id`,`postal_code`,`phone`,`last_update`)
Values
 ('267','816 Cayenne Parkway',NULL,' ','414','93629',' ','2006-02-15 04:45:30.000')
;
Insert into address
 (`address_id`,`address`,`address2`,`district`,`city_id`,`postal_code`,`phone`,`last_update`)
Values
 ('268','1831 Nam Dinh Loop',NULL,' ','323','51990',' ','2006-02-15 04:45:30.000')
;
Insert into address
 (`address_id`,`address`,`address2`,`district`,`city_id`,`postal_code`,`phone`,`last_update`)
Values
 ('269','446 Kirovo-Tepetsk Lane',NULL,' ','203','19428',' ','2006-02-15 04:45:30.000')
;
Insert into address
 (`address_id`,`address`,`address2`,`district`,`city_id`,`postal_code`,`phone`,`last_update`)
Values
 ('270','682 Halisahar Place',NULL,' ','378','20536',' ','2006-02-15 04:45:30.000')
;
Insert into address
 (`address_id`,`address`,`address2`,`district`,`city_id`,`postal_code`,`phone`,`last_update`)
Values
 ('271','1587 Loja Manor',NULL,' ','447','5410',' ','2006-02-15 04:45:30.000')
;
Insert into address
 (`address_id`,`address`,`address2`,`district`,`city_id`,`postal_code`,`phone`,`last_update`)
Values
 ('272','1762 Paarl Parkway',NULL,' ','298','53928',' ','2006-02-15 04:45:30.000')
;
Insert into address
 (`address_id`,`address`,`address2`,`district`,`city_id`,`postal_code`,`phone`,`last_update`)
Values
 ('273','1519 Ilorin Place',NULL,' ','395','49298',' ','2006-02-15 04:45:30.000')
;
Insert into address
 (`address_id`,`address`,`address2`,`district`,`city_id`,`postal_code`,`phone`,`last_update`)
Values
 ('274','920 Kumbakonam Loop',NULL,' ','446','75090',' ','2006-02-15 04:45:30.000')
;
Insert into address
 (`address_id`,`address`,`address2`,`district`,`city_id`,`postal_code`,`phone`,`last_update`)
Values
 ('275','906 Goinia Way',NULL,' ','255','83565',' ','2006-02-15 04:45:30.000')
;
Insert into address
 (`address_id`,`address`,`address2`,`district`,`city_id`,`postal_code`,`phone`,`last_update`)
Values
 ('276','1675 Xiangfan Manor',NULL,' ','283','11763',' ','2006-02-15 04:45:30.000')
;
Insert into address
 (`address_id`,`address`,`address2`,`district`,`city_id`,`postal_code`,`phone`,`last_update`)
Values
 ('277','85 San Felipe de Puerto Plata Drive',NULL,' ','584','46063',' ','2006-02-15 04:45:30.000')
;
Insert into address
 (`address_id`,`address`,`address2`,`district`,`city_id`,`postal_code`,`phone`,`last_update`)
Values
 ('278','144 South Hill Loop',NULL,' ','445','2012',' ','2006-02-15 04:45:30.000')
;
Insert into address
 (`address_id`,`address`,`address2`,`district`,`city_id`,`postal_code`,`phone`,`last_update`)
Values
 ('279','1884 Shikarpur Avenue',NULL,' ','263','85548',' ','2006-02-15 04:45:30.000')
;
Insert into address
 (`address_id`,`address`,`address2`,`district`,`city_id`,`postal_code`,`phone`,`last_update`)
Values
 ('280','1980 Kamjanets-Podilskyi Street',NULL,' ','404','89502',' ','2006-02-15 04:45:30.000')
;
Insert into address
 (`address_id`,`address`,`address2`,`district`,`city_id`,`postal_code`,`phone`,`last_update`)
Values
 ('281','1944 Bamenda Way',NULL,' ','573','24645',' ','2006-02-15 04:45:30.000')
;
Insert into address
 (`address_id`,`address`,`address2`,`district`,`city_id`,`postal_code`,`phone`,`last_update`)
Values
 ('282','556 Baybay Manor',NULL,' ','374','55802',' ','2006-02-15 04:45:30.000')
;
Insert into address
 (`address_id`,`address`,`address2`,`district`,`city_id`,`postal_code`,`phone`,`last_update`)
Values
 ('283','457 Tongliao Loop',NULL,' ','222','56254',' ','2006-02-15 04:45:30.000')
;
Insert into address
 (`address_id`,`address`,`address2`,`district`,`city_id`,`postal_code`,`phone`,`last_update`)
Values
 ('284','600 Bradford Street',NULL,' ','514','96204',' ','2006-02-15 04:45:30.000')
;
Insert into address
 (`address_id`,`address`,`address2`,`district`,`city_id`,`postal_code`,`phone`,`last_update`)
Values
 ('285','1006 Santa Brbara dOeste Manor',NULL,' ','389','36229',' ','2006-02-15 04:45:30.000')
;
Insert into address
 (`address_id`,`address`,`address2`,`district`,`city_id`,`postal_code`,`phone`,`last_update`)
Values
 ('286','1308 Sumy Loop',NULL,' ','175','30657',' ','2006-02-15 04:45:30.000')
;
Insert into address
 (`address_id`,`address`,`address2`,`district`,`city_id`,`postal_code`,`phone`,`last_update`)
Values
 ('287','1405 Chisinau Place',NULL,' ','411','8160',' ','2006-02-15 04:45:30.000')
;
Insert into address
 (`address_id`,`address`,`address2`,`district`,`city_id`,`postal_code`,`phone`,`last_update`)
Values
 ('288','226 Halifax Street',NULL,' ','277','58492',' ','2006-02-15 04:45:30.000')
;
Insert into address
 (`address_id`,`address`,`address2`,`district`,`city_id`,`postal_code`,`phone`,`last_update`)
Values
 ('289','1279 Udine Parkway',NULL,' ','69','75860',' ','2006-02-15 04:45:30.000')
;
Insert into address
 (`address_id`,`address`,`address2`,`district`,`city_id`,`postal_code`,`phone`,`last_update`)
Values
 ('290','1336 Benin City Drive',NULL,' ','386','46044',' ','2006-02-15 04:45:30.000')
;
Insert into address
 (`address_id`,`address`,`address2`,`district`,`city_id`,`postal_code`,`phone`,`last_update`)
Values
 ('291','1155 Liaocheng Place',NULL,' ','152','22650',' ','2006-02-15 04:45:30.000')
;
Insert into address
 (`address_id`,`address`,`address2`,`district`,`city_id`,`postal_code`,`phone`,`last_update`)
Values
 ('292','1993 Tabuk Lane',NULL,' ','522','64221',' ','2006-02-15 04:45:30.000')
;
Insert into address
 (`address_id`,`address`,`address2`,`district`,`city_id`,`postal_code`,`phone`,`last_update`)
Values
 ('293','86 Higashiosaka Lane',NULL,' ','563','33768',' ','2006-02-15 04:45:30.000')
;
Insert into address
 (`address_id`,`address`,`address2`,`district`,`city_id`,`postal_code`,`phone`,`last_update`)
Values
 ('294','1912 Allende Manor',NULL,' ','279','58124',' ','2006-02-15 04:45:30.000')
;
Insert into address
 (`address_id`,`address`,`address2`,`district`,`city_id`,`postal_code`,`phone`,`last_update`)
Values
 ('295','544 Tarsus Boulevard',NULL,' ','562','53145',' ','2006-02-15 04:45:30.000')
;
Insert into address
 (`address_id`,`address`,`address2`,`district`,`city_id`,`postal_code`,`phone`,`last_update`)
Values
 ('296','1936 Cuman Avenue',NULL,' ','433','61195',' ','2006-02-15 04:45:30.000')
;
Insert into address
 (`address_id`,`address`,`address2`,`district`,`city_id`,`postal_code`,`phone`,`last_update`)
Values
 ('297','1192 Tongliao Street',NULL,' ','470','19065',' ','2006-02-15 04:45:30.000')
;
Insert into address
 (`address_id`,`address`,`address2`,`district`,`city_id`,`postal_code`,`phone`,`last_update`)
Values
 ('298','44 Najafabad Way',NULL,' ','146','61391',' ','2006-02-15 04:45:30.000')
;
Insert into address
 (`address_id`,`address`,`address2`,`district`,`city_id`,`postal_code`,`phone`,`last_update`)
Values
 ('299','32 Pudukkottai Lane',NULL,' ','140','38834',' ','2006-02-15 04:45:30.000')
;
Insert into address
 (`address_id`,`address`,`address2`,`district`,`city_id`,`postal_code`,`phone`,`last_update`)
Values
 ('300','661 Chisinau Lane',NULL,' ','274','8856',' ','2006-02-15 04:45:30.000')
;
Insert into address
 (`address_id`,`address`,`address2`,`district`,`city_id`,`postal_code`,`phone`,`last_update`)
Values
 ('301','951 Stara Zagora Manor',NULL,' ','400','98573',' ','2006-02-15 04:45:30.000')
;
Insert into address
 (`address_id`,`address`,`address2`,`district`,`city_id`,`postal_code`,`phone`,`last_update`)
Values
 ('302','922 Vila Velha Loop',NULL,' ','9','4085',' ','2006-02-15 04:45:30.000')
;
Insert into address
 (`address_id`,`address`,`address2`,`district`,`city_id`,`postal_code`,`phone`,`last_update`)
Values
 ('303','898 Jining Lane',NULL,' ','387','40070',' ','2006-02-15 04:45:30.000')
;
Insert into address
 (`address_id`,`address`,`address2`,`district`,`city_id`,`postal_code`,`phone`,`last_update`)
Values
 ('304','1635 Kuwana Boulevard',NULL,' ','205','52137',' ','2006-02-15 04:45:30.000')
;
Insert into address
 (`address_id`,`address`,`address2`,`district`,`city_id`,`postal_code`,`phone`,`last_update`)
Values
 ('305','41 El Alto Parkway',NULL,' ','398','56883',' ','2006-02-15 04:45:30.000')
;
Insert into address
 (`address_id`,`address`,`address2`,`district`,`city_id`,`postal_code`,`phone`,`last_update`)
Values
 ('306','1883 Maikop Lane',NULL,' ','254','68469',' ','2006-02-15 04:45:30.000')
;
Insert into address
 (`address_id`,`address`,`address2`,`district`,`city_id`,`postal_code`,`phone`,`last_update`)
Values
 ('307','1908 Gaziantep Place',NULL,' ','536','58979',' ','2006-02-15 04:45:30.000')
;
Insert into address
 (`address_id`,`address`,`address2`,`district`,`city_id`,`postal_code`,`phone`,`last_update`)
Values
 ('308','687 Alessandria Parkway',NULL,' ','455','57587',' ','2006-02-15 04:45:30.000')
;
Insert into address
 (`address_id`,`address`,`address2`,`district`,`city_id`,`postal_code`,`phone`,`last_update`)
Values
 ('309','827 Yuncheng Drive',NULL,' ','99','79047',' ','2006-02-15 04:45:30.000')
;
Insert into address
 (`address_id`,`address`,`address2`,`district`,`city_id`,`postal_code`,`phone`,`last_update`)
Values
 ('310','913 Coacalco de Berriozbal Loop',NULL,' ','33','42141',' ','2006-02-15 04:45:30.000')
;
Insert into address
 (`address_id`,`address`,`address2`,`district`,`city_id`,`postal_code`,`phone`,`last_update`)
Values
 ('311','715 So Bernardo do Campo Lane',NULL,' ','507','84804',' ','2006-02-15 04:45:30.000')
;
Insert into address
 (`address_id`,`address`,`address2`,`district`,`city_id`,`postal_code`,`phone`,`last_update`)
Values
 ('312','1354 Siegen Street',NULL,' ','25','80184',' ','2006-02-15 04:45:30.000')
;
Insert into address
 (`address_id`,`address`,`address2`,`district`,`city_id`,`postal_code`,`phone`,`last_update`)
Values
 ('313','1191 Sungai Petani Boulevard',NULL,' ','262','9668',' ','2006-02-15 04:45:30.000')
;
Insert into address
 (`address_id`,`address`,`address2`,`district`,`city_id`,`postal_code`,`phone`,`last_update`)
Values
 ('314','1224 Huejutla de Reyes Boulevard',NULL,' ','91','70923',' ','2006-02-15 04:45:30.000')
;
Insert into address
 (`address_id`,`address`,`address2`,`district`,`city_id`,`postal_code`,`phone`,`last_update`)
Values
 ('315','543 Bergamo Avenue',NULL,' ','215','59686',' ','2006-02-15 04:45:30.000')
;
Insert into address
 (`address_id`,`address`,`address2`,`district`,`city_id`,`postal_code`,`phone`,`last_update`)
Values
 ('316','746 Joliet Lane',NULL,' ','286','94878',' ','2006-02-15 04:45:30.000')
;
Insert into address
 (`address_id`,`address`,`address2`,`district`,`city_id`,`postal_code`,`phone`,`last_update`)
Values
 ('317','780 Kimberley Way',NULL,' ','515','17032',' ','2006-02-15 04:45:30.000')
;
Insert into address
 (`address_id`,`address`,`address2`,`district`,`city_id`,`postal_code`,`phone`,`last_update`)
Values
 ('318','1774 Yaound Place',NULL,' ','166','91400',' ','2006-02-15 04:45:30.000')
;
Insert into address
 (`address_id`,`address`,`address2`,`district`,`city_id`,`postal_code`,`phone`,`last_update`)
Values
 ('319','1957 Yantai Lane',NULL,' ','490','59255',' ','2006-02-15 04:45:30.000')
;
Insert into address
 (`address_id`,`address`,`address2`,`district`,`city_id`,`postal_code`,`phone`,`last_update`)
Values
 ('320','1542 Lubumbashi Boulevard',NULL,' ','57','62472',' ','2006-02-15 04:45:30.000')
;
Insert into address
 (`address_id`,`address`,`address2`,`district`,`city_id`,`postal_code`,`phone`,`last_update`)
Values
 ('321','651 Pathankot Loop',NULL,' ','336','59811',' ','2006-02-15 04:45:30.000')
;
Insert into address
 (`address_id`,`address`,`address2`,`district`,`city_id`,`postal_code`,`phone`,`last_update`)
Values
 ('322','1359 Zhoushan Parkway',NULL,' ','545','29763',' ','2006-02-15 04:45:30.000')
;
Insert into address
 (`address_id`,`address`,`address2`,`district`,`city_id`,`postal_code`,`phone`,`last_update`)
Values
 ('323','1769 Iwaki Lane',NULL,' ','97','25787',' ','2006-02-15 04:45:30.000')
;
Insert into address
 (`address_id`,`address`,`address2`,`district`,`city_id`,`postal_code`,`phone`,`last_update`)
Values
 ('324','1145 Vilnius Manor',NULL,' ','451','73170',' ','2006-02-15 04:45:30.000')
;
Insert into address
 (`address_id`,`address`,`address2`,`district`,`city_id`,`postal_code`,`phone`,`last_update`)
Values
 ('325','1892 Nabereznyje Telny Lane',NULL,' ','516','28396',' ','2006-02-15 04:45:30.000')
;
Insert into address
 (`address_id`,`address`,`address2`,`district`,`city_id`,`postal_code`,`phone`,`last_update`)
Values
 ('326','470 Boksburg Street',NULL,' ','81','97960',' ','2006-02-15 04:45:30.000')
;
Insert into address
 (`address_id`,`address`,`address2`,`district`,`city_id`,`postal_code`,`phone`,`last_update`)
Values
 ('327','1427 A Corua (La Corua) Place',NULL,' ','45','85799',' ','2006-02-15 04:45:30.000')
;
Insert into address
 (`address_id`,`address`,`address2`,`district`,`city_id`,`postal_code`,`phone`,`last_update`)
Values
 ('328','479 San Felipe del Progreso Avenue',NULL,' ','130','54949',' ','2006-02-15 04:45:30.000')
;
Insert into address
 (`address_id`,`address`,`address2`,`district`,`city_id`,`postal_code`,`phone`,`last_update`)
Values
 ('329','867 Benin City Avenue',NULL,' ','591','78543',' ','2006-02-15 04:45:30.000')
;
Insert into address
 (`address_id`,`address`,`address2`,`district`,`city_id`,`postal_code`,`phone`,`last_update`)
Values
 ('330','981 Kumbakonam Place',NULL,' ','89','87611',' ','2006-02-15 04:45:30.000')
;
Insert into address
 (`address_id`,`address`,`address2`,`district`,`city_id`,`postal_code`,`phone`,`last_update`)
Values
 ('331','1016 Iwakuni Street',NULL,' ','269','49833',' ','2006-02-15 04:45:30.000')
;
Insert into address
 (`address_id`,`address`,`address2`,`district`,`city_id`,`postal_code`,`phone`,`last_update`)
Values
 ('332','663 Baha Blanca Parkway',NULL,' ','5','33463',' ','2006-02-15 04:45:30.000')
;
Insert into address
 (`address_id`,`address`,`address2`,`district`,`city_id`,`postal_code`,`phone`,`last_update`)
Values
 ('333','1860 Taguig Loop',NULL,' ','119','59550',' ','2006-02-15 04:45:30.000')
;
Insert into address
 (`address_id`,`address`,`address2`,`district`,`city_id`,`postal_code`,`phone`,`last_update`)
Values
 ('334','1816 Bydgoszcz Loop',NULL,' ','234','64308',' ','2006-02-15 04:45:30.000')
;
Insert into address
 (`address_id`,`address`,`address2`,`district`,`city_id`,`postal_code`,`phone`,`last_update`)
Values
 ('335','587 Benguela Manor',NULL,' ','42','91590',' ','2006-02-15 04:45:30.000')
;
Insert into address
 (`address_id`,`address`,`address2`,`district`,`city_id`,`postal_code`,`phone`,`last_update`)
Values
 ('336','430 Kumbakonam Drive',NULL,' ','457','28814',' ','2006-02-15 04:45:30.000')
;
Insert into address
 (`address_id`,`address`,`address2`,`district`,`city_id`,`postal_code`,`phone`,`last_update`)
Values
 ('337','1838 Tabriz Lane',NULL,' ','143','1195',' ','2006-02-15 04:45:30.000')
;
Insert into address
 (`address_id`,`address`,`address2`,`district`,`city_id`,`postal_code`,`phone`,`last_update`)
Values
 ('338','431 Szkesfehrvr Avenue',NULL,' ','48','57828',' ','2006-02-15 04:45:30.000')
;
Insert into address
 (`address_id`,`address`,`address2`,`district`,`city_id`,`postal_code`,`phone`,`last_update`)
Values
 ('339','503 Sogamoso Loop',NULL,' ','505','49812',' ','2006-02-15 04:45:30.000')
;
Insert into address
 (`address_id`,`address`,`address2`,`district`,`city_id`,`postal_code`,`phone`,`last_update`)
Values
 ('340','507 Smolensk Loop',NULL,' ','492','22971',' ','2006-02-15 04:45:30.000')
;
Insert into address
 (`address_id`,`address`,`address2`,`district`,`city_id`,`postal_code`,`phone`,`last_update`)
Values
 ('341','1920 Weifang Avenue',NULL,' ','427','15643',' ','2006-02-15 04:45:30.000')
;
Insert into address
 (`address_id`,`address`,`address2`,`district`,`city_id`,`postal_code`,`phone`,`last_update`)
Values
 ('342','124 al-Manama Way',NULL,' ','382','52368',' ','2006-02-15 04:45:30.000')
;
Insert into address
 (`address_id`,`address`,`address2`,`district`,`city_id`,`postal_code`,`phone`,`last_update`)
Values
 ('343','1443 Mardan Street',NULL,' ','392','31483',' ','2006-02-15 04:45:30.000')
;
Insert into address
 (`address_id`,`address`,`address2`,`district`,`city_id`,`postal_code`,`phone`,`last_update`)
Values
 ('344','1909 Benguela Lane',NULL,' ','581','19913',' ','2006-02-15 04:45:30.000')
;
Insert into address
 (`address_id`,`address`,`address2`,`district`,`city_id`,`postal_code`,`phone`,`last_update`)
Values
 ('345','68 Ponce Parkway',NULL,' ','201','85926',' ','2006-02-15 04:45:30.000')
;
Insert into address
 (`address_id`,`address`,`address2`,`district`,`city_id`,`postal_code`,`phone`,`last_update`)
Values
 ('346','1217 Konotop Avenue',NULL,' ','151','504',' ','2006-02-15 04:45:30.000')
;
Insert into address
 (`address_id`,`address`,`address2`,`district`,`city_id`,`postal_code`,`phone`,`last_update`)
Values
 ('347','1293 Nam Dinh Way',NULL,' ','84','71583',' ','2006-02-15 04:45:30.000')
;
Insert into address
 (`address_id`,`address`,`address2`,`district`,`city_id`,`postal_code`,`phone`,`last_update`)
Values
 ('348','785 Vaduz Street',NULL,' ','335','36170',' ','2006-02-15 04:45:30.000')
;
Insert into address
 (`address_id`,`address`,`address2`,`district`,`city_id`,`postal_code`,`phone`,`last_update`)
Values
 ('349','1516 Escobar Drive',NULL,' ','370','46069',' ','2006-02-15 04:45:30.000')
;
Insert into address
 (`address_id`,`address`,`address2`,`district`,`city_id`,`postal_code`,`phone`,`last_update`)
Values
 ('350','1628 Nagareyama Lane',NULL,' ','453','60079',' ','2006-02-15 04:45:30.000')
;
Insert into address
 (`address_id`,`address`,`address2`,`district`,`city_id`,`postal_code`,`phone`,`last_update`)
Values
 ('351','1157 Nyeri Loop',NULL,' ','320','56380',' ','2006-02-15 04:45:30.000')
;
Insert into address
 (`address_id`,`address`,`address2`,`district`,`city_id`,`postal_code`,`phone`,`last_update`)
Values
 ('352','1673 Tangail Drive',NULL,' ','137','26857',' ','2006-02-15 04:45:30.000')
;
Insert into address
 (`address_id`,`address`,`address2`,`district`,`city_id`,`postal_code`,`phone`,`last_update`)
Values
 ('353','381 Kabul Way',NULL,' ','209','87272',' ','2006-02-15 04:45:30.000')
;
Insert into address
 (`address_id`,`address`,`address2`,`district`,`city_id`,`postal_code`,`phone`,`last_update`)
Values
 ('354','953 Hodeida Street',NULL,' ','221','18841',' ','2006-02-15 04:45:30.000')
;
Insert into address
 (`address_id`,`address`,`address2`,`district`,`city_id`,`postal_code`,`phone`,`last_update`)
Values
 ('355','469 Nakhon Sawan Street',NULL,' ','531','58866',' ','2006-02-15 04:45:30.000')
;
Insert into address
 (`address_id`,`address`,`address2`,`district`,`city_id`,`postal_code`,`phone`,`last_update`)
Values
 ('356','1378 Beira Loop',NULL,' ','597','40792',' ','2006-02-15 04:45:30.000')
;
Insert into address
 (`address_id`,`address`,`address2`,`district`,`city_id`,`postal_code`,`phone`,`last_update`)
Values
 ('357','1641 Changhwa Place',NULL,' ','52','37636',' ','2006-02-15 04:45:30.000')
;
Insert into address
 (`address_id`,`address`,`address2`,`district`,`city_id`,`postal_code`,`phone`,`last_update`)
Values
 ('358','1698 Southport Loop',NULL,' ','393','49009',' ','2006-02-15 04:45:30.000')
;
Insert into address
 (`address_id`,`address`,`address2`,`district`,`city_id`,`postal_code`,`phone`,`last_update`)
Values
 ('359','519 Nyeri Manor',NULL,' ','461','37650',' ','2006-02-15 04:45:30.000')
;
Insert into address
 (`address_id`,`address`,`address2`,`district`,`city_id`,`postal_code`,`phone`,`last_update`)
Values
 ('360','619 Hunuco Avenue',NULL,' ','331','81508',' ','2006-02-15 04:45:30.000')
;
Insert into address
 (`address_id`,`address`,`address2`,`district`,`city_id`,`postal_code`,`phone`,`last_update`)
Values
 ('361','45 Aparecida de Goinia Place',NULL,' ','464','7431',' ','2006-02-15 04:45:30.000')
;
Insert into address
 (`address_id`,`address`,`address2`,`district`,`city_id`,`postal_code`,`phone`,`last_update`)
Values
 ('362','482 Kowloon and New Kowloon Manor',NULL,' ','90','97056',' ','2006-02-15 04:45:30.000')
;
Insert into address
 (`address_id`,`address`,`address2`,`district`,`city_id`,`postal_code`,`phone`,`last_update`)
Values
 ('363','604 Bern Place',NULL,' ','429','5373',' ','2006-02-15 04:45:30.000')
;
Insert into address
 (`address_id`,`address`,`address2`,`district`,`city_id`,`postal_code`,`phone`,`last_update`)
Values
 ('364','1623 Kingstown Drive',NULL,' ','20','91299',' ','2006-02-15 04:45:30.000')
;
Insert into address
 (`address_id`,`address`,`address2`,`district`,`city_id`,`postal_code`,`phone`,`last_update`)
Values
 ('365','1009 Zanzibar Lane',NULL,' ','32','64875',' ','2006-02-15 04:45:30.000')
;
Insert into address
 (`address_id`,`address`,`address2`,`district`,`city_id`,`postal_code`,`phone`,`last_update`)
Values
 ('366','114 Jalib al-Shuyukh Manor',NULL,' ','585','60440',' ','2006-02-15 04:45:30.000')
;
Insert into address
 (`address_id`,`address`,`address2`,`district`,`city_id`,`postal_code`,`phone`,`last_update`)
Values
 ('367','1163 London Parkway',NULL,' ','66','6066',' ','2006-02-15 04:45:30.000')
;
Insert into address
 (`address_id`,`address`,`address2`,`district`,`city_id`,`postal_code`,`phone`,`last_update`)
Values
 ('368','1658 Jastrzebie-Zdrj Loop',NULL,' ','372','96584',' ','2006-02-15 04:45:30.000')
;
Insert into address
 (`address_id`,`address`,`address2`,`district`,`city_id`,`postal_code`,`phone`,`last_update`)
Values
 ('369','817 Laredo Avenue',NULL,' ','188','77449',' ','2006-02-15 04:45:30.000')
;
Insert into address
 (`address_id`,`address`,`address2`,`district`,`city_id`,`postal_code`,`phone`,`last_update`)
Values
 ('370','1565 Tangail Manor',NULL,' ','377','45750',' ','2006-02-15 04:45:30.000')
;
Insert into address
 (`address_id`,`address`,`address2`,`district`,`city_id`,`postal_code`,`phone`,`last_update`)
Values
 ('371','1912 Emeishan Drive',NULL,' ','50','33050',' ','2006-02-15 04:45:30.000')
;
Insert into address
 (`address_id`,`address`,`address2`,`district`,`city_id`,`postal_code`,`phone`,`last_update`)
Values
 ('372','230 Urawa Drive',NULL,' ','8','2738',' ','2006-02-15 04:45:30.000')
;
Insert into address
 (`address_id`,`address`,`address2`,`district`,`city_id`,`postal_code`,`phone`,`last_update`)
Values
 ('373','1922 Miraj Way',NULL,' ','356','13203',' ','2006-02-15 04:45:30.000')
;
Insert into address
 (`address_id`,`address`,`address2`,`district`,`city_id`,`postal_code`,`phone`,`last_update`)
Values
 ('374','433 Florencia Street',NULL,' ','250','91330',' ','2006-02-15 04:45:30.000')
;
Insert into address
 (`address_id`,`address`,`address2`,`district`,`city_id`,`postal_code`,`phone`,`last_update`)
Values
 ('375','1049 Matamoros Parkway',NULL,' ','191','69640',' ','2006-02-15 04:45:30.000')
;
Insert into address
 (`address_id`,`address`,`address2`,`district`,`city_id`,`postal_code`,`phone`,`last_update`)
Values
 ('376','1061 Ede Avenue',NULL,' ','98','57810',' ','2006-02-15 04:45:30.000')
;
Insert into address
 (`address_id`,`address`,`address2`,`district`,`city_id`,`postal_code`,`phone`,`last_update`)
Values
 ('377','154 Oshawa Manor',NULL,' ','415','72771',' ','2006-02-15 04:45:30.000')
;
Insert into address
 (`address_id`,`address`,`address2`,`district`,`city_id`,`postal_code`,`phone`,`last_update`)
Values
 ('378','1191 Tandil Drive',NULL,' ','523','6362',' ','2006-02-15 04:45:30.000')
;
Insert into address
 (`address_id`,`address`,`address2`,`district`,`city_id`,`postal_code`,`phone`,`last_update`)
Values
 ('379','1133 Rizhao Avenue',NULL,' ','572','2800',' ','2006-02-15 04:45:30.000')
;
Insert into address
 (`address_id`,`address`,`address2`,`district`,`city_id`,`postal_code`,`phone`,`last_update`)
Values
 ('380','1519 Santiago de los Caballeros Loop',NULL,' ','348','22025',' ','2006-02-15 04:45:30.000')
;
Insert into address
 (`address_id`,`address`,`address2`,`district`,`city_id`,`postal_code`,`phone`,`last_update`)
Values
 ('381','1618 Olomouc Manor',NULL,' ','285','26385',' ','2006-02-15 04:45:30.000')
;
Insert into address
 (`address_id`,`address`,`address2`,`district`,`city_id`,`postal_code`,`phone`,`last_update`)
Values
 ('382','220 Hidalgo Drive',NULL,' ','265','45298',' ','2006-02-15 04:45:30.000')
;
Insert into address
 (`address_id`,`address`,`address2`,`district`,`city_id`,`postal_code`,`phone`,`last_update`)
Values
 ('383','686 Donostia-San Sebastin Lane',NULL,' ','471','97390',' ','2006-02-15 04:45:30.000')
;
Insert into address
 (`address_id`,`address`,`address2`,`district`,`city_id`,`postal_code`,`phone`,`last_update`)
Values
 ('384','97 Mogiljov Lane',NULL,' ','73','89294',' ','2006-02-15 04:45:30.000')
;
Insert into address
 (`address_id`,`address`,`address2`,`district`,`city_id`,`postal_code`,`phone`,`last_update`)
Values
 ('385','1642 Charlotte Amalie Drive',NULL,' ','549','75442',' ','2006-02-15 04:45:30.000')
;
Insert into address
 (`address_id`,`address`,`address2`,`district`,`city_id`,`postal_code`,`phone`,`last_update`)
Values
 ('386','1368 Maracabo Boulevard',NULL,' ','493','32716',' ','2006-02-15 04:45:30.000')
;
Insert into address
 (`address_id`,`address`,`address2`,`district`,`city_id`,`postal_code`,`phone`,`last_update`)
Values
 ('387','401 Sucre Boulevard',NULL,' ','322','25007',' ','2006-02-15 04:45:30.000')
;
Insert into address
 (`address_id`,`address`,`address2`,`district`,`city_id`,`postal_code`,`phone`,`last_update`)
Values
 ('388','368 Hunuco Boulevard',NULL,' ','360','17165',' ','2006-02-15 04:45:30.000')
;
Insert into address
 (`address_id`,`address`,`address2`,`district`,`city_id`,`postal_code`,`phone`,`last_update`)
Values
 ('389','500 Lincoln Parkway',NULL,' ','210','95509',' ','2006-02-15 04:45:30.000')
;
Insert into address
 (`address_id`,`address`,`address2`,`district`,`city_id`,`postal_code`,`phone`,`last_update`)
Values
 ('390','102 Chapra Drive',NULL,' ','521','14073',' ','2006-02-15 04:45:30.000')
;
Insert into address
 (`address_id`,`address`,`address2`,`district`,`city_id`,`postal_code`,`phone`,`last_update`)
Values
 ('391','1793 Meixian Place',NULL,' ','258','33535',' ','2006-02-15 04:45:30.000')
;
Insert into address
 (`address_id`,`address`,`address2`,`district`,`city_id`,`postal_code`,`phone`,`last_update`)
Values
 ('392','514 Ife Way',NULL,' ','315','69973',' ','2006-02-15 04:45:30.000')
;
Insert into address
 (`address_id`,`address`,`address2`,`district`,`city_id`,`postal_code`,`phone`,`last_update`)
Values
 ('393','717 Changzhou Lane',NULL,' ','104','21615',' ','2006-02-15 04:45:30.000')
;
Insert into address
 (`address_id`,`address`,`address2`,`district`,`city_id`,`postal_code`,`phone`,`last_update`)
Values
 ('394','753 Ilorin Avenue',NULL,' ','157','3656',' ','2006-02-15 04:45:30.000')
;
Insert into address
 (`address_id`,`address`,`address2`,`district`,`city_id`,`postal_code`,`phone`,`last_update`)
Values
 ('395','1337 Mit Ghamr Avenue',NULL,' ','358','29810',' ','2006-02-15 04:45:30.000')
;
Insert into address
 (`address_id`,`address`,`address2`,`district`,`city_id`,`postal_code`,`phone`,`last_update`)
Values
 ('396','767 Pyongyang Drive',NULL,' ','229','83536',' ','2006-02-15 04:45:30.000')
;
Insert into address
 (`address_id`,`address`,`address2`,`district`,`city_id`,`postal_code`,`phone`,`last_update`)
Values
 ('397','614 Pak Kret Street',NULL,' ','6','27796',' ','2006-02-15 04:45:30.000')
;
Insert into address
 (`address_id`,`address`,`address2`,`district`,`city_id`,`postal_code`,`phone`,`last_update`)
Values
 ('398','954 Lapu-Lapu Way',NULL,' ','278','8816',' ','2006-02-15 04:45:30.000')
;
Insert into address
 (`address_id`,`address`,`address2`,`district`,`city_id`,`postal_code`,`phone`,`last_update`)
Values
 ('399','331 Bydgoszcz Parkway',NULL,' ','181','966',' ','2006-02-15 04:45:30.000')
;
Insert into address
 (`address_id`,`address`,`address2`,`district`,`city_id`,`postal_code`,`phone`,`last_update`)
Values
 ('400','1152 Citrus Heights Manor',NULL,' ','15','5239',' ','2006-02-15 04:45:30.000')
;
Insert into address
 (`address_id`,`address`,`address2`,`district`,`city_id`,`postal_code`,`phone`,`last_update`)
Values
 ('401','168 Cianjur Manor',NULL,' ','228','73824',' ','2006-02-15 04:45:30.000')
;
Insert into address
 (`address_id`,`address`,`address2`,`district`,`city_id`,`postal_code`,`phone`,`last_update`)
Values
 ('402','616 Hagonoy Avenue',NULL,' ','39','46043',' ','2006-02-15 04:45:30.000')
;
Insert into address
 (`address_id`,`address`,`address2`,`district`,`city_id`,`postal_code`,`phone`,`last_update`)
Values
 ('403','1190 0 Place',NULL,' ','44','10417',' ','2006-02-15 04:45:30.000')
;
Insert into address
 (`address_id`,`address`,`address2`,`district`,`city_id`,`postal_code`,`phone`,`last_update`)
Values
 ('404','734 Bchar Place',NULL,' ','375','30586',' ','2006-02-15 04:45:30.000')
;
Insert into address
 (`address_id`,`address`,`address2`,`district`,`city_id`,`postal_code`,`phone`,`last_update`)
Values
 ('405','530 Lausanne Lane',NULL,' ','135','11067',' ','2006-02-15 04:45:30.000')
;
Insert into address
 (`address_id`,`address`,`address2`,`district`,`city_id`,`postal_code`,`phone`,`last_update`)
Values
 ('406','454 Patiala Lane',NULL,' ','276','13496',' ','2006-02-15 04:45:30.000')
;
Insert into address
 (`address_id`,`address`,`address2`,`district`,`city_id`,`postal_code`,`phone`,`last_update`)
Values
 ('407','1346 Mysore Drive',NULL,' ','92','61507',' ','2006-02-15 04:45:30.000')
;
Insert into address
 (`address_id`,`address`,`address2`,`district`,`city_id`,`postal_code`,`phone`,`last_update`)
Values
 ('408','990 Etawah Loop',NULL,' ','564','79940',' ','2006-02-15 04:45:30.000')
;
Insert into address
 (`address_id`,`address`,`address2`,`district`,`city_id`,`postal_code`,`phone`,`last_update`)
Values
 ('409','1266 Laredo Parkway',NULL,' ','380','7664',' ','2006-02-15 04:45:30.000')
;
Insert into address
 (`address_id`,`address`,`address2`,`district`,`city_id`,`postal_code`,`phone`,`last_update`)
Values
 ('410','88 Nagaon Manor',NULL,' ','524','86868',' ','2006-02-15 04:45:30.000')
;
Insert into address
 (`address_id`,`address`,`address2`,`district`,`city_id`,`postal_code`,`phone`,`last_update`)
Values
 ('411','264 Bhimavaram Manor',NULL,' ','111','54749',' ','2006-02-15 04:45:30.000')
;
Insert into address
 (`address_id`,`address`,`address2`,`district`,`city_id`,`postal_code`,`phone`,`last_update`)
Values
 ('412','1639 Saarbrcken Drive',NULL,' ','437','9827',' ','2006-02-15 04:45:30.000')
;
Insert into address
 (`address_id`,`address`,`address2`,`district`,`city_id`,`postal_code`,`phone`,`last_update`)
Values
 ('413','692 Amroha Drive',NULL,' ','230','35575',' ','2006-02-15 04:45:30.000')
;
Insert into address
 (`address_id`,`address`,`address2`,`district`,`city_id`,`postal_code`,`phone`,`last_update`)
Values
 ('414','1936 Lapu-Lapu Parkway',NULL,' ','141','7122',' ','2006-02-15 04:45:30.000')
;
Insert into address
 (`address_id`,`address`,`address2`,`district`,`city_id`,`postal_code`,`phone`,`last_update`)
Values
 ('415','432 Garden Grove Street',NULL,' ','430','65630',' ','2006-02-15 04:45:30.000')
;
Insert into address
 (`address_id`,`address`,`address2`,`district`,`city_id`,`postal_code`,`phone`,`last_update`)
Values
 ('416','1445 Carmen Parkway',NULL,' ','117','70809',' ','2006-02-15 04:45:30.000')
;
Insert into address
 (`address_id`,`address`,`address2`,`district`,`city_id`,`postal_code`,`phone`,`last_update`)
Values
 ('417','791 Salinas Street',NULL,' ','208','40509',' ','2006-02-15 04:45:30.000')
;
Insert into address
 (`address_id`,`address`,`address2`,`district`,`city_id`,`postal_code`,`phone`,`last_update`)
Values
 ('418','126 Acua Parkway',NULL,' ','71','58888',' ','2006-02-15 04:45:30.000')
;
Insert into address
 (`address_id`,`address`,`address2`,`district`,`city_id`,`postal_code`,`phone`,`last_update`)
Values
 ('419','397 Sunnyvale Avenue',NULL,' ','19','55566',' ','2006-02-15 04:45:30.000')
;
Insert into address
 (`address_id`,`address`,`address2`,`district`,`city_id`,`postal_code`,`phone`,`last_update`)
Values
 ('420','992 Klerksdorp Loop',NULL,' ','23','33711',' ','2006-02-15 04:45:30.000')
;
Insert into address
 (`address_id`,`address`,`address2`,`district`,`city_id`,`postal_code`,`phone`,`last_update`)
Values
 ('421','966 Arecibo Loop',NULL,' ','134','94018',' ','2006-02-15 04:45:30.000')
;
Insert into address
 (`address_id`,`address`,`address2`,`district`,`city_id`,`postal_code`,`phone`,`last_update`)
Values
 ('422','289 Santo Andr Manor',NULL,' ','16','72410',' ','2006-02-15 04:45:30.000')
;
Insert into address
 (`address_id`,`address`,`address2`,`district`,`city_id`,`postal_code`,`phone`,`last_update`)
Values
 ('423','437 Chungho Drive',NULL,' ','450','59489',' ','2006-02-15 04:45:30.000')
;
Insert into address
 (`address_id`,`address`,`address2`,`district`,`city_id`,`postal_code`,`phone`,`last_update`)
Values
 ('424','1948 Bayugan Parkway',NULL,' ','264','60622',' ','2006-02-15 04:45:30.000')
;
Insert into address
 (`address_id`,`address`,`address2`,`district`,`city_id`,`postal_code`,`phone`,`last_update`)
Values
 ('425','1866 al-Qatif Avenue',NULL,' ','155','89420',' ','2006-02-15 04:45:30.000')
;
Insert into address
 (`address_id`,`address`,`address2`,`district`,`city_id`,`postal_code`,`phone`,`last_update`)
Values
 ('426','1661 Abha Drive',NULL,' ','416','14400',' ','2006-02-15 04:45:30.000')
;
Insert into address
 (`address_id`,`address`,`address2`,`district`,`city_id`,`postal_code`,`phone`,`last_update`)
Values
 ('427','1557 Cape Coral Parkway',NULL,' ','293','46875',' ','2006-02-15 04:45:30.000')
;
Insert into address
 (`address_id`,`address`,`address2`,`district`,`city_id`,`postal_code`,`phone`,`last_update`)
Values
 ('428','1727 Matamoros Place',NULL,' ','465','78813',' ','2006-02-15 04:45:30.000')
;
Insert into address
 (`address_id`,`address`,`address2`,`district`,`city_id`,`postal_code`,`phone`,`last_update`)
Values
 ('429','1269 Botosani Manor',NULL,' ','468','47394',' ','2006-02-15 04:45:30.000')
;
Insert into address
 (`address_id`,`address`,`address2`,`district`,`city_id`,`postal_code`,`phone`,`last_update`)
Values
 ('430','355 Vitria de Santo Anto Way',NULL,' ','452','81758',' ','2006-02-15 04:45:30.000')
;
Insert into address
 (`address_id`,`address`,`address2`,`district`,`city_id`,`postal_code`,`phone`,`last_update`)
Values
 ('431','1596 Acua Parkway',NULL,' ','418','70425',' ','2006-02-15 04:45:30.000')
;
Insert into address
 (`address_id`,`address`,`address2`,`district`,`city_id`,`postal_code`,`phone`,`last_update`)
Values
 ('432','259 Ipoh Drive',NULL,' ','189','64964',' ','2006-02-15 04:45:30.000')
;
Insert into address
 (`address_id`,`address`,`address2`,`district`,`city_id`,`postal_code`,`phone`,`last_update`)
Values
 ('433','1823 Hoshiarpur Lane',NULL,' ','510','33191',' ','2006-02-15 04:45:30.000')
;
Insert into address
 (`address_id`,`address`,`address2`,`district`,`city_id`,`postal_code`,`phone`,`last_update`)
Values
 ('434','1404 Taguig Drive',NULL,' ','547','87212',' ','2006-02-15 04:45:30.000')
;
Insert into address
 (`address_id`,`address`,`address2`,`district`,`city_id`,`postal_code`,`phone`,`last_update`)
Values
 ('435','740 Udaipur Lane',NULL,' ','150','33505',' ','2006-02-15 04:45:30.000')
;
Insert into address
 (`address_id`,`address`,`address2`,`district`,`city_id`,`postal_code`,`phone`,`last_update`)
Values
 ('436','287 Cuautla Boulevard',NULL,' ','501','72736',' ','2006-02-15 04:45:30.000')
;
Insert into address
 (`address_id`,`address`,`address2`,`district`,`city_id`,`postal_code`,`phone`,`last_update`)
Values
 ('437','1766 Almirante Brown Street',NULL,' ','364','63104',' ','2006-02-15 04:45:30.000')
;
Insert into address
 (`address_id`,`address`,`address2`,`district`,`city_id`,`postal_code`,`phone`,`last_update`)
Values
 ('438','596 Huixquilucan Place',NULL,' ','351','65892',' ','2006-02-15 04:45:30.000')
;
Insert into address
 (`address_id`,`address`,`address2`,`district`,`city_id`,`postal_code`,`phone`,`last_update`)
Values
 ('439','1351 Aparecida de Goinia Parkway',NULL,' ','391','41775',' ','2006-02-15 04:45:30.000')
;
Insert into address
 (`address_id`,`address`,`address2`,`district`,`city_id`,`postal_code`,`phone`,`last_update`)
Values
 ('440','722 Bradford Lane',NULL,' ','249','90920',' ','2006-02-15 04:45:30.000')
;
Insert into address
 (`address_id`,`address`,`address2`,`district`,`city_id`,`postal_code`,`phone`,`last_update`)
Values
 ('441','983 Santa F Way',NULL,' ','565','47472',' ','2006-02-15 04:45:30.000')
;
Insert into address
 (`address_id`,`address`,`address2`,`district`,`city_id`,`postal_code`,`phone`,`last_update`)
Values
 ('442','1245 Ibirit Way',NULL,' ','290','40926',' ','2006-02-15 04:45:30.000')
;
Insert into address
 (`address_id`,`address`,`address2`,`district`,`city_id`,`postal_code`,`phone`,`last_update`)
Values
 ('443','1836 Korla Parkway',NULL,' ','272','55405',' ','2006-02-15 04:45:30.000')
;
Insert into address
 (`address_id`,`address`,`address2`,`district`,`city_id`,`postal_code`,`phone`,`last_update`)
Values
 ('444','231 Kaliningrad Place',NULL,' ','70','57833',' ','2006-02-15 04:45:30.000')
;
Insert into address
 (`address_id`,`address`,`address2`,`district`,`city_id`,`postal_code`,`phone`,`last_update`)
Values
 ('445','495 Bhimavaram Lane',NULL,' ','144','3',' ','2006-02-15 04:45:30.000')
;
Insert into address
 (`address_id`,`address`,`address2`,`district`,`city_id`,`postal_code`,`phone`,`last_update`)
Values
 ('446','1924 Shimonoseki Drive',NULL,' ','59','52625',' ','2006-02-15 04:45:30.000')
;
Insert into address
 (`address_id`,`address`,`address2`,`district`,`city_id`,`postal_code`,`phone`,`last_update`)
Values
 ('447','105 Dzerzinsk Manor',NULL,' ','540','48570',' ','2006-02-15 04:45:30.000')
;
Insert into address
 (`address_id`,`address`,`address2`,`district`,`city_id`,`postal_code`,`phone`,`last_update`)
Values
 ('448','614 Denizli Parkway',NULL,' ','486','29444',' ','2006-02-15 04:45:30.000')
;
Insert into address
 (`address_id`,`address`,`address2`,`district`,`city_id`,`postal_code`,`phone`,`last_update`)
Values
 ('449','1289 Belm Boulevard',NULL,' ','530','88306',' ','2006-02-15 04:45:30.000')
;
Insert into address
 (`address_id`,`address`,`address2`,`district`,`city_id`,`postal_code`,`phone`,`last_update`)
Values
 ('450','203 Tambaram Street',NULL,' ','161','73942',' ','2006-02-15 04:45:30.000')
;
Insert into address
 (`address_id`,`address`,`address2`,`district`,`city_id`,`postal_code`,`phone`,`last_update`)
Values
 ('451','1704 Tambaram Manor',NULL,' ','554','2834',' ','2006-02-15 04:45:30.000')
;
Insert into address
 (`address_id`,`address`,`address2`,`district`,`city_id`,`postal_code`,`phone`,`last_update`)
Values
 ('452','207 Cuernavaca Loop',NULL,' ','352','52671',' ','2006-02-15 04:45:30.000')
;
Insert into address
 (`address_id`,`address`,`address2`,`district`,`city_id`,`postal_code`,`phone`,`last_update`)
Values
 ('453','319 Springs Loop',NULL,' ','160','99552',' ','2006-02-15 04:45:30.000')
;
Insert into address
 (`address_id`,`address`,`address2`,`district`,`city_id`,`postal_code`,`phone`,`last_update`)
Values
 ('454','956 Nam Dinh Manor',NULL,' ','481','21872',' ','2006-02-15 04:45:30.000')
;
Insert into address
 (`address_id`,`address`,`address2`,`district`,`city_id`,`postal_code`,`phone`,`last_update`)
Values
 ('455','1947 Paarl Way',NULL,' ','509','23636',' ','2006-02-15 04:45:30.000')
;
Insert into address
 (`address_id`,`address`,`address2`,`district`,`city_id`,`postal_code`,`phone`,`last_update`)
Values
 ('456','814 Simferopol Loop',NULL,' ','154','48745',' ','2006-02-15 04:45:30.000')
;
Insert into address
 (`address_id`,`address`,`address2`,`district`,`city_id`,`postal_code`,`phone`,`last_update`)
Values
 ('457','535 Ahmadnagar Manor',NULL,' ','3','41136',' ','2006-02-15 04:45:30.000')
;
Insert into address
 (`address_id`,`address`,`address2`,`district`,`city_id`,`postal_code`,`phone`,`last_update`)
Values
 ('458','138 Caracas Boulevard',NULL,' ','326','16790',' ','2006-02-15 04:45:30.000')
;
Insert into address
 (`address_id`,`address`,`address2`,`district`,`city_id`,`postal_code`,`phone`,`last_update`)
Values
 ('459','251 Florencia Drive',NULL,' ','556','16119',' ','2006-02-15 04:45:30.000')
;
Insert into address
 (`address_id`,`address`,`address2`,`district`,`city_id`,`postal_code`,`phone`,`last_update`)
Values
 ('460','659 Gatineau Boulevard',NULL,' ','153','28587',' ','2006-02-15 04:45:30.000')
;
Insert into address
 (`address_id`,`address`,`address2`,`district`,`city_id`,`postal_code`,`phone`,`last_update`)
Values
 ('461','1889 Valparai Way',NULL,' ','600','75559',' ','2006-02-15 04:45:30.000')
;
Insert into address
 (`address_id`,`address`,`address2`,`district`,`city_id`,`postal_code`,`phone`,`last_update`)
Values
 ('462','1485 Bratislava Place',NULL,' ','435','83183',' ','2006-02-15 04:45:30.000')
;
Insert into address
 (`address_id`,`address`,`address2`,`district`,`city_id`,`postal_code`,`phone`,`last_update`)
Values
 ('463','935 Aden Boulevard',NULL,' ','532','64709',' ','2006-02-15 04:45:30.000')
;
Insert into address
 (`address_id`,`address`,`address2`,`district`,`city_id`,`postal_code`,`phone`,`last_update`)
Values
 ('464','76 Kermanshah Manor',NULL,' ','423','23343',' ','2006-02-15 04:45:30.000')
;
Insert into address
 (`address_id`,`address`,`address2`,`district`,`city_id`,`postal_code`,`phone`,`last_update`)
Values
 ('465','734 Tanshui Avenue',NULL,' ','170','70664',' ','2006-02-15 04:45:30.000')
;
Insert into address
 (`address_id`,`address`,`address2`,`district`,`city_id`,`postal_code`,`phone`,`last_update`)
Values
 ('466','118 Jaffna Loop',NULL,' ','182','10447',' ','2006-02-15 04:45:30.000')
;
Insert into address
 (`address_id`,`address`,`address2`,`district`,`city_id`,`postal_code`,`phone`,`last_update`)
Values
 ('467','1621 Tongliao Avenue',NULL,' ','558','22173',' ','2006-02-15 04:45:30.000')
;
Insert into address
 (`address_id`,`address`,`address2`,`district`,`city_id`,`postal_code`,`phone`,`last_update`)
Values
 ('468','1844 Usak Avenue',NULL,' ','196','84461',' ','2006-02-15 04:45:30.000')
;
Insert into address
 (`address_id`,`address`,`address2`,`district`,`city_id`,`postal_code`,`phone`,`last_update`)
Values
 ('469','1872 Toulon Loop',NULL,' ','428','7939',' ','2006-02-15 04:45:30.000')
;
Insert into address
 (`address_id`,`address`,`address2`,`district`,`city_id`,`postal_code`,`phone`,`last_update`)
Values
 ('470','1088 Ibirit Place',NULL,' ','595','88502',' ','2006-02-15 04:45:30.000')
;
Insert into address
 (`address_id`,`address`,`address2`,`district`,`city_id`,`postal_code`,`phone`,`last_update`)
Values
 ('471','1322 Mosul Parkway',NULL,' ','145','95400',' ','2006-02-15 04:45:30.000')
;
Insert into address
 (`address_id`,`address`,`address2`,`district`,`city_id`,`postal_code`,`phone`,`last_update`)
Values
 ('472','1447 Chatsworth Place',NULL,' ','129','41545',' ','2006-02-15 04:45:30.000')
;
Insert into address
 (`address_id`,`address`,`address2`,`district`,`city_id`,`postal_code`,`phone`,`last_update`)
Values
 ('473','1257 Guadalajara Street',NULL,' ','78','33599',' ','2006-02-15 04:45:30.000')
;
Insert into address
 (`address_id`,`address`,`address2`,`district`,`city_id`,`postal_code`,`phone`,`last_update`)
Values
 ('474','1469 Plock Lane',NULL,' ','388','95835',' ','2006-02-15 04:45:30.000')
;
Insert into address
 (`address_id`,`address`,`address2`,`district`,`city_id`,`postal_code`,`phone`,`last_update`)
Values
 ('475','434 Ourense (Orense) Manor',NULL,' ','206','14122',' ','2006-02-15 04:45:30.000')
;
Insert into address
 (`address_id`,`address`,`address2`,`district`,`city_id`,`postal_code`,`phone`,`last_update`)
Values
 ('476','270 Tambaram Parkway',NULL,' ','244','9668',' ','2006-02-15 04:45:30.000')
;
Insert into address
 (`address_id`,`address`,`address2`,`district`,`city_id`,`postal_code`,`phone`,`last_update`)
Values
 ('477','1786 Salinas Place',NULL,' ','359','66546',' ','2006-02-15 04:45:30.000')
;
Insert into address
 (`address_id`,`address`,`address2`,`district`,`city_id`,`postal_code`,`phone`,`last_update`)
Values
 ('478','1078 Stara Zagora Drive',NULL,' ','301','69221',' ','2006-02-15 04:45:30.000')
;
Insert into address
 (`address_id`,`address`,`address2`,`district`,`city_id`,`postal_code`,`phone`,`last_update`)
Values
 ('479','1854 Okara Boulevard',NULL,' ','158','42123',' ','2006-02-15 04:45:30.000')
;
Insert into address
 (`address_id`,`address`,`address2`,`district`,`city_id`,`postal_code`,`phone`,`last_update`)
Values
 ('480','421 Yaound Street',NULL,' ','385','11363',' ','2006-02-15 04:45:30.000')
;
Insert into address
 (`address_id`,`address`,`address2`,`district`,`city_id`,`postal_code`,`phone`,`last_update`)
Values
 ('481','1153 Allende Way',NULL,' ','179','20336',' ','2006-02-15 04:45:30.000')
;
Insert into address
 (`address_id`,`address`,`address2`,`district`,`city_id`,`postal_code`,`phone`,`last_update`)
Values
 ('482','808 Naala-Porto Parkway',NULL,' ','500','41060',' ','2006-02-15 04:45:30.000')
;
Insert into address
 (`address_id`,`address`,`address2`,`district`,`city_id`,`postal_code`,`phone`,`last_update`)
Values
 ('483','632 Usolje-Sibirskoje Parkway',NULL,' ','36','73085',' ','2006-02-15 04:45:30.000')
;
Insert into address
 (`address_id`,`address`,`address2`,`district`,`city_id`,`postal_code`,`phone`,`last_update`)
Values
 ('484','98 Pyongyang Boulevard',NULL,' ','11','88749',' ','2006-02-15 04:45:30.000')
;
Insert into address
 (`address_id`,`address`,`address2`,`district`,`city_id`,`postal_code`,`phone`,`last_update`)
Values
 ('485','984 Novoterkassk Loop',NULL,' ','180','28165',' ','2006-02-15 04:45:30.000')
;
Insert into address
 (`address_id`,`address`,`address2`,`district`,`city_id`,`postal_code`,`phone`,`last_update`)
Values
 ('486','64 Korla Street',NULL,' ','347','25145',' ','2006-02-15 04:45:30.000')
;
Insert into address
 (`address_id`,`address`,`address2`,`district`,`city_id`,`postal_code`,`phone`,`last_update`)
Values
 ('487','1785 So Bernardo do Campo Street',NULL,' ','125','71182',' ','2006-02-15 04:45:30.000')
;
Insert into address
 (`address_id`,`address`,`address2`,`district`,`city_id`,`postal_code`,`phone`,`last_update`)
Values
 ('488','698 Jelets Boulevard',NULL,' ','142','2596',' ','2006-02-15 04:45:30.000')
;
Insert into address
 (`address_id`,`address`,`address2`,`district`,`city_id`,`postal_code`,`phone`,`last_update`)
Values
 ('489','1297 Alvorada Parkway',NULL,' ','587','11839',' ','2006-02-15 04:45:30.000')
;
Insert into address
 (`address_id`,`address`,`address2`,`district`,`city_id`,`postal_code`,`phone`,`last_update`)
Values
 ('490','1909 Dayton Avenue',NULL,' ','469','88513',' ','2006-02-15 04:45:30.000')
;
Insert into address
 (`address_id`,`address`,`address2`,`district`,`city_id`,`postal_code`,`phone`,`last_update`)
Values
 ('491','1789 Saint-Denis Parkway',NULL,' ','4','8268',' ','2006-02-15 04:45:30.000')
;
Insert into address
 (`address_id`,`address`,`address2`,`district`,`city_id`,`postal_code`,`phone`,`last_update`)
Values
 ('492','185 Mannheim Lane',NULL,' ','408','23661',' ','2006-02-15 04:45:30.000')
;
Insert into address
 (`address_id`,`address`,`address2`,`district`,`city_id`,`postal_code`,`phone`,`last_update`)
Values
 ('493','184 Mandaluyong Street',NULL,' ','288','94239',' ','2006-02-15 04:45:30.000')
;
Insert into address
 (`address_id`,`address`,`address2`,`district`,`city_id`,`postal_code`,`phone`,`last_update`)
Values
 ('494','591 Sungai Petani Drive',NULL,' ','376','46400',' ','2006-02-15 04:45:30.000')
;
Insert into address
 (`address_id`,`address`,`address2`,`district`,`city_id`,`postal_code`,`phone`,`last_update`)
Values
 ('495','656 Matamoros Drive',NULL,' ','487','19489',' ','2006-02-15 04:45:30.000')
;
Insert into address
 (`address_id`,`address`,`address2`,`district`,`city_id`,`postal_code`,`phone`,`last_update`)
Values
 ('496','775 ostka Drive',NULL,' ','337','22358',' ','2006-02-15 04:45:30.000')
;
Insert into address
 (`address_id`,`address`,`address2`,`district`,`city_id`,`postal_code`,`phone`,`last_update`)
Values
 ('497','1013 Tabuk Boulevard',NULL,' ','261','96203',' ','2006-02-15 04:45:30.000')
;
Insert into address
 (`address_id`,`address`,`address2`,`district`,`city_id`,`postal_code`,`phone`,`last_update`)
Values
 ('498','319 Plock Parkway',NULL,' ','504','26101',' ','2006-02-15 04:45:30.000')
;
Insert into address
 (`address_id`,`address`,`address2`,`district`,`city_id`,`postal_code`,`phone`,`last_update`)
Values
 ('499','1954 Kowloon and New Kowloon Way',NULL,' ','434','63667',' ','2006-02-15 04:45:30.000')
;
Insert into address
 (`address_id`,`address`,`address2`,`district`,`city_id`,`postal_code`,`phone`,`last_update`)
Values
 ('500','362 Rajkot Lane',NULL,' ','47','98030',' ','2006-02-15 04:45:30.000')
;
Insert into address
 (`address_id`,`address`,`address2`,`district`,`city_id`,`postal_code`,`phone`,`last_update`)
Values
 ('501','1060 Tandil Lane',NULL,' ','432','72349',' ','2006-02-15 04:45:30.000')
;
Insert into address
 (`address_id`,`address`,`address2`,`district`,`city_id`,`postal_code`,`phone`,`last_update`)
Values
 ('502','1515 Korla Way',NULL,' ','589','57197',' ','2006-02-15 04:45:30.000')
;
Insert into address
 (`address_id`,`address`,`address2`,`district`,`city_id`,`postal_code`,`phone`,`last_update`)
Values
 ('503','1416 San Juan Bautista Tuxtepec Avenue',NULL,' ','444','50592',' ','2006-02-15 04:45:30.000')
;
Insert into address
 (`address_id`,`address`,`address2`,`district`,`city_id`,`postal_code`,`phone`,`last_update`)
Values
 ('504','1 Valle de Santiago Avenue',NULL,' ','93','86208',' ','2006-02-15 04:45:30.000')
;
Insert into address
 (`address_id`,`address`,`address2`,`district`,`city_id`,`postal_code`,`phone`,`last_update`)
Values
 ('505','519 Brescia Parkway',NULL,' ','318','69504',' ','2006-02-15 04:45:30.000')
;
Insert into address
 (`address_id`,`address`,`address2`,`district`,`city_id`,`postal_code`,`phone`,`last_update`)
Values
 ('506','414 Mandaluyong Street',NULL,' ','314','16370',' ','2006-02-15 04:45:30.000')
;
Insert into address
 (`address_id`,`address`,`address2`,`district`,`city_id`,`postal_code`,`phone`,`last_update`)
Values
 ('507','1197 Sokoto Boulevard',NULL,' ','478','87687',' ','2006-02-15 04:45:30.000')
;
Insert into address
 (`address_id`,`address`,`address2`,`district`,`city_id`,`postal_code`,`phone`,`last_update`)
Values
 ('508','496 Celaya Drive',NULL,' ','552','90797',' ','2006-02-15 04:45:30.000')
;
Insert into address
 (`address_id`,`address`,`address2`,`district`,`city_id`,`postal_code`,`phone`,`last_update`)
Values
 ('509','786 Matsue Way',NULL,' ','245','37469',' ','2006-02-15 04:45:30.000')
;
Insert into address
 (`address_id`,`address`,`address2`,`district`,`city_id`,`postal_code`,`phone`,`last_update`)
Values
 ('510','48 Maracabo Place',NULL,' ','519','1570',' ','2006-02-15 04:45:30.000')
;
Insert into address
 (`address_id`,`address`,`address2`,`district`,`city_id`,`postal_code`,`phone`,`last_update`)
Values
 ('511','1152 al-Qatif Lane',NULL,' ','412','44816',' ','2006-02-15 04:45:30.000')
;
Insert into address
 (`address_id`,`address`,`address2`,`district`,`city_id`,`postal_code`,`phone`,`last_update`)
Values
 ('512','1269 Ipoh Avenue',NULL,' ','163','54674',' ','2006-02-15 04:45:30.000')
;
Insert into address
 (`address_id`,`address`,`address2`,`district`,`city_id`,`postal_code`,`phone`,`last_update`)
Values
 ('513','758 Korolev Parkway',NULL,' ','568','75474',' ','2006-02-15 04:45:30.000')
;
Insert into address
 (`address_id`,`address`,`address2`,`district`,`city_id`,`postal_code`,`phone`,`last_update`)
Values
 ('514','1747 Rustenburg Place',NULL,' ','110','51369',' ','2006-02-15 04:45:30.000')
;
Insert into address
 (`address_id`,`address`,`address2`,`district`,`city_id`,`postal_code`,`phone`,`last_update`)
Values
 ('515','886 Tonghae Place',NULL,' ','259','19450',' ','2006-02-15 04:45:30.000')
;
Insert into address
 (`address_id`,`address`,`address2`,`district`,`city_id`,`postal_code`,`phone`,`last_update`)
Values
 ('516','1574 Goinia Boulevard',NULL,' ','502','39529',' ','2006-02-15 04:45:30.000')
;
Insert into address
 (`address_id`,`address`,`address2`,`district`,`city_id`,`postal_code`,`phone`,`last_update`)
Values
 ('517','548 Uruapan Street',NULL,' ','312','35653',' ','2006-02-15 04:45:30.000')
;
Insert into address
 (`address_id`,`address`,`address2`,`district`,`city_id`,`postal_code`,`phone`,`last_update`)
Values
 ('519','962 Tama Loop',NULL,' ','583','65952',' ','2006-02-15 04:45:30.000')
;
Insert into address
 (`address_id`,`address`,`address2`,`district`,`city_id`,`postal_code`,`phone`,`last_update`)
Values
 ('520','1778 Gijn Manor',NULL,' ','594','35156',' ','2006-02-15 04:45:30.000')
;
Insert into address
 (`address_id`,`address`,`address2`,`district`,`city_id`,`postal_code`,`phone`,`last_update`)
Values
 ('521','568 Dhule (Dhulia) Loop',NULL,' ','127','92568',' ','2006-02-15 04:45:30.000')
;
Insert into address
 (`address_id`,`address`,`address2`,`district`,`city_id`,`postal_code`,`phone`,`last_update`)
Values
 ('522','1768 Udine Loop',NULL,' ','60','32347',' ','2006-02-15 04:45:30.000')
;
Insert into address
 (`address_id`,`address`,`address2`,`district`,`city_id`,`postal_code`,`phone`,`last_update`)
Values
 ('523','608 Birgunj Parkway',NULL,' ','116','400',' ','2006-02-15 04:45:30.000')
;
Insert into address
 (`address_id`,`address`,`address2`,`district`,`city_id`,`postal_code`,`phone`,`last_update`)
Values
 ('524','680 A Corua (La Corua) Manor',NULL,' ','482','49806',' ','2006-02-15 04:45:30.000')
;
Insert into address
 (`address_id`,`address`,`address2`,`district`,`city_id`,`postal_code`,`phone`,`last_update`)
Values
 ('525','1949 Sanya Street',NULL,' ','224','61244',' ','2006-02-15 04:45:30.000')
;
Insert into address
 (`address_id`,`address`,`address2`,`district`,`city_id`,`postal_code`,`phone`,`last_update`)
Values
 ('526','617 Klerksdorp Place',NULL,' ','366','94707',' ','2006-02-15 04:45:30.000')
;
Insert into address
 (`address_id`,`address`,`address2`,`district`,`city_id`,`postal_code`,`phone`,`last_update`)
Values
 ('527','1993 0 Loop',NULL,' ','588','41214',' ','2006-02-15 04:45:30.000')
;
Insert into address
 (`address_id`,`address`,`address2`,`district`,`city_id`,`postal_code`,`phone`,`last_update`)
Values
 ('528','1176 Southend-on-Sea Manor',NULL,' ','458','81651',' ','2006-02-15 04:45:30.000')
;
Insert into address
 (`address_id`,`address`,`address2`,`district`,`city_id`,`postal_code`,`phone`,`last_update`)
Values
 ('529','600 Purnea (Purnia) Avenue',NULL,' ','571','18043',' ','2006-02-15 04:45:30.000')
;
Insert into address
 (`address_id`,`address`,`address2`,`district`,`city_id`,`postal_code`,`phone`,`last_update`)
Values
 ('530','1003 Qinhuangdao Street',NULL,' ','419','25972',' ','2006-02-15 04:45:30.000')
;
Insert into address
 (`address_id`,`address`,`address2`,`district`,`city_id`,`postal_code`,`phone`,`last_update`)
Values
 ('531','1986 Sivas Place',NULL,' ','551','95775',' ','2006-02-15 04:45:30.000')
;
Insert into address
 (`address_id`,`address`,`address2`,`district`,`city_id`,`postal_code`,`phone`,`last_update`)
Values
 ('532','1427 Tabuk Place',NULL,' ','101','31342',' ','2006-02-15 04:45:30.000')
;
Insert into address
 (`address_id`,`address`,`address2`,`district`,`city_id`,`postal_code`,`phone`,`last_update`)
Values
 ('533','556 Asuncin Way',NULL,' ','339','35364',' ','2006-02-15 04:45:30.000')
;
Insert into address
 (`address_id`,`address`,`address2`,`district`,`city_id`,`postal_code`,`phone`,`last_update`)
Values
 ('534','486 Ondo Parkway',NULL,' ','67','35202',' ','2006-02-15 04:45:30.000')
;
Insert into address
 (`address_id`,`address`,`address2`,`district`,`city_id`,`postal_code`,`phone`,`last_update`)
Values
 ('535','635 Brest Manor',NULL,' ','75','40899',' ','2006-02-15 04:45:30.000')
;
Insert into address
 (`address_id`,`address`,`address2`,`district`,`city_id`,`postal_code`,`phone`,`last_update`)
Values
 ('536','166 Jinchang Street',NULL,' ','165','86760',' ','2006-02-15 04:45:30.000')
;
Insert into address
 (`address_id`,`address`,`address2`,`district`,`city_id`,`postal_code`,`phone`,`last_update`)
Values
 ('537','958 Sagamihara Lane',NULL,' ','287','88408',' ','2006-02-15 04:45:30.000')
;
Insert into address
 (`address_id`,`address`,`address2`,`district`,`city_id`,`postal_code`,`phone`,`last_update`)
Values
 ('538','1817 Livorno Way',NULL,' ','100','79401',' ','2006-02-15 04:45:30.000')
;
Insert into address
 (`address_id`,`address`,`address2`,`district`,`city_id`,`postal_code`,`phone`,`last_update`)
Values
 ('539','1332 Gaziantep Lane',NULL,' ','80','22813',' ','2006-02-15 04:45:30.000')
;
Insert into address
 (`address_id`,`address`,`address2`,`district`,`city_id`,`postal_code`,`phone`,`last_update`)
Values
 ('540','949 Allende Lane',NULL,' ','24','67521',' ','2006-02-15 04:45:30.000')
;
Insert into address
 (`address_id`,`address`,`address2`,`district`,`city_id`,`postal_code`,`phone`,`last_update`)
Values
 ('541','195 Ilorin Street',NULL,' ','363','49250',' ','2006-02-15 04:45:30.000')
;
Insert into address
 (`address_id`,`address`,`address2`,`district`,`city_id`,`postal_code`,`phone`,`last_update`)
Values
 ('542','193 Bhusawal Place',NULL,' ','539','9750',' ','2006-02-15 04:45:30.000')
;
Insert into address
 (`address_id`,`address`,`address2`,`district`,`city_id`,`postal_code`,`phone`,`last_update`)
Values
 ('543','43 Vilnius Manor',NULL,' ','42','79814',' ','2006-02-15 04:45:30.000')
;
Insert into address
 (`address_id`,`address`,`address2`,`district`,`city_id`,`postal_code`,`phone`,`last_update`)
Values
 ('544','183 Haiphong Street',NULL,' ','46','69953',' ','2006-02-15 04:45:30.000')
;
Insert into address
 (`address_id`,`address`,`address2`,`district`,`city_id`,`postal_code`,`phone`,`last_update`)
Values
 ('545','163 Augusta-Richmond County Loop',NULL,' ','561','33030',' ','2006-02-15 04:45:30.000')
;
Insert into address
 (`address_id`,`address`,`address2`,`district`,`city_id`,`postal_code`,`phone`,`last_update`)
Values
 ('546','191 Jos Azueta Parkway',NULL,' ','436','13629',' ','2006-02-15 04:45:30.000')
;
Insert into address
 (`address_id`,`address`,`address2`,`district`,`city_id`,`postal_code`,`phone`,`last_update`)
Values
 ('547','379 Lublin Parkway',NULL,' ','309','74568',' ','2006-02-15 04:45:30.000')
;
Insert into address
 (`address_id`,`address`,`address2`,`district`,`city_id`,`postal_code`,`phone`,`last_update`)
Values
 ('548','1658 Cuman Loop',NULL,' ','396','51309',' ','2006-02-15 04:45:30.000')
;
Insert into address
 (`address_id`,`address`,`address2`,`district`,`city_id`,`postal_code`,`phone`,`last_update`)
Values
 ('549','454 Qinhuangdao Drive',NULL,' ','68','25866',' ','2006-02-15 04:45:30.000')
;
Insert into address
 (`address_id`,`address`,`address2`,`district`,`city_id`,`postal_code`,`phone`,`last_update`)
Values
 ('550','1715 Okayama Street',NULL,' ','485','55676',' ','2006-02-15 04:45:30.000')
;
Insert into address
 (`address_id`,`address`,`address2`,`district`,`city_id`,`postal_code`,`phone`,`last_update`)
Values
 ('551','182 Nukualofa Drive',NULL,' ','275','15414',' ','2006-02-15 04:45:30.000')
;
Insert into address
 (`address_id`,`address`,`address2`,`district`,`city_id`,`postal_code`,`phone`,`last_update`)
Values
 ('552','390 Wroclaw Way',NULL,' ','462','5753',' ','2006-02-15 04:45:30.000')
;
Insert into address
 (`address_id`,`address`,`address2`,`district`,`city_id`,`postal_code`,`phone`,`last_update`)
Values
 ('553','1421 Quilmes Lane',NULL,' ','260','19151',' ','2006-02-15 04:45:30.000')
;
Insert into address
 (`address_id`,`address`,`address2`,`district`,`city_id`,`postal_code`,`phone`,`last_update`)
Values
 ('554','947 Trshavn Place',NULL,' ','528','841',' ','2006-02-15 04:45:30.000')
;
Insert into address
 (`address_id`,`address`,`address2`,`district`,`city_id`,`postal_code`,`phone`,`last_update`)
Values
 ('555','1764 Jalib al-Shuyukh Parkway',NULL,' ','459','77642',' ','2006-02-15 04:45:30.000')
;
Insert into address
 (`address_id`,`address`,`address2`,`district`,`city_id`,`postal_code`,`phone`,`last_update`)
Values
 ('556','346 Cam Ranh Avenue',NULL,' ','599','39976',' ','2006-02-15 04:45:30.000')
;
Insert into address
 (`address_id`,`address`,`address2`,`district`,`city_id`,`postal_code`,`phone`,`last_update`)
Values
 ('557','1407 Pachuca de Soto Place',NULL,' ','21','26284',' ','2006-02-15 04:45:30.000')
;
Insert into address
 (`address_id`,`address`,`address2`,`district`,`city_id`,`postal_code`,`phone`,`last_update`)
Values
 ('558','904 Clarksville Drive',NULL,' ','193','52234',' ','2006-02-15 04:45:30.000')
;
Insert into address
 (`address_id`,`address`,`address2`,`district`,`city_id`,`postal_code`,`phone`,`last_update`)
Values
 ('559','1917 Kumbakonam Parkway',NULL,' ','368','11892',' ','2006-02-15 04:45:30.000')
;
Insert into address
 (`address_id`,`address`,`address2`,`district`,`city_id`,`postal_code`,`phone`,`last_update`)
Values
 ('560','1447 Imus Place',NULL,' ','426','12905',' ','2006-02-15 04:45:30.000')
;
Insert into address
 (`address_id`,`address`,`address2`,`district`,`city_id`,`postal_code`,`phone`,`last_update`)
Values
 ('561','1497 Fengshan Drive',NULL,' ','112','63022',' ','2006-02-15 04:45:30.000')
;
Insert into address
 (`address_id`,`address`,`address2`,`district`,`city_id`,`postal_code`,`phone`,`last_update`)
Values
 ('562','869 Shikarpur Way',NULL,' ','496','57380',' ','2006-02-15 04:45:30.000')
;
Insert into address
 (`address_id`,`address`,`address2`,`district`,`city_id`,`postal_code`,`phone`,`last_update`)
Values
 ('563','1059 Yuncheng Avenue',NULL,' ','570','47498',' ','2006-02-15 04:45:30.000')
;
Insert into address
 (`address_id`,`address`,`address2`,`district`,`city_id`,`postal_code`,`phone`,`last_update`)
Values
 ('564','505 Madiun Boulevard',NULL,' ','577','97271',' ','2006-02-15 04:45:30.000')
;
Insert into address
 (`address_id`,`address`,`address2`,`district`,`city_id`,`postal_code`,`phone`,`last_update`)
Values
 ('565','1741 Hoshiarpur Boulevard',NULL,' ','79','22372',' ','2006-02-15 04:45:30.000')
;
Insert into address
 (`address_id`,`address`,`address2`,`district`,`city_id`,`postal_code`,`phone`,`last_update`)
Values
 ('566','1229 Varanasi (Benares) Manor',NULL,' ','43','40195',' ','2006-02-15 04:45:30.000')
;
Insert into address
 (`address_id`,`address`,`address2`,`district`,`city_id`,`postal_code`,`phone`,`last_update`)
Values
 ('567','1894 Boa Vista Way',NULL,' ','178','77464',' ','2006-02-15 04:45:30.000')
;
Insert into address
 (`address_id`,`address`,`address2`,`district`,`city_id`,`postal_code`,`phone`,`last_update`)
Values
 ('568','1342 Sharja Way',NULL,' ','488','93655',' ','2006-02-15 04:45:30.000')
;
Insert into address
 (`address_id`,`address`,`address2`,`district`,`city_id`,`postal_code`,`phone`,`last_update`)
Values
 ('569','1342 Abha Boulevard',NULL,' ','95','10714',' ','2006-02-15 04:45:30.000')
;
Insert into address
 (`address_id`,`address`,`address2`,`district`,`city_id`,`postal_code`,`phone`,`last_update`)
Values
 ('570','415 Pune Avenue',NULL,' ','580','44274',' ','2006-02-15 04:45:30.000')
;
Insert into address
 (`address_id`,`address`,`address2`,`district`,`city_id`,`postal_code`,`phone`,`last_update`)
Values
 ('571','1746 Faaa Way',NULL,' ','214','32515',' ','2006-02-15 04:45:30.000')
;
Insert into address
 (`address_id`,`address`,`address2`,`district`,`city_id`,`postal_code`,`phone`,`last_update`)
Values
 ('572','539 Hami Way',NULL,' ','538','52196',' ','2006-02-15 04:45:30.000')
;
Insert into address
 (`address_id`,`address`,`address2`,`district`,`city_id`,`postal_code`,`phone`,`last_update`)
Values
 ('573','1407 Surakarta Manor',NULL,' ','466','33224',' ','2006-02-15 04:45:30.000')
;
Insert into address
 (`address_id`,`address`,`address2`,`district`,`city_id`,`postal_code`,`phone`,`last_update`)
Values
 ('574','502 Mandi Bahauddin Parkway',NULL,' ','55','15992',' ','2006-02-15 04:45:30.000')
;
Insert into address
 (`address_id`,`address`,`address2`,`district`,`city_id`,`postal_code`,`phone`,`last_update`)
Values
 ('575','1052 Pathankot Avenue',NULL,' ','299','77397',' ','2006-02-15 04:45:30.000')
;
Insert into address
 (`address_id`,`address`,`address2`,`district`,`city_id`,`postal_code`,`phone`,`last_update`)
Values
 ('576','1351 Sousse Lane',NULL,' ','341','37815',' ','2006-02-15 04:45:30.000')
;
Insert into address
 (`address_id`,`address`,`address2`,`district`,`city_id`,`postal_code`,`phone`,`last_update`)
Values
 ('577','1501 Pangkal Pinang Avenue',NULL,' ','409','943',' ','2006-02-15 04:45:30.000')
;
Insert into address
 (`address_id`,`address`,`address2`,`district`,`city_id`,`postal_code`,`phone`,`last_update`)
Values
 ('578','1405 Hagonoy Avenue',NULL,' ','133','86587',' ','2006-02-15 04:45:30.000')
;
Insert into address
 (`address_id`,`address`,`address2`,`district`,`city_id`,`postal_code`,`phone`,`last_update`)
Values
 ('579','521 San Juan Bautista Tuxtepec Place',NULL,' ','598','95093',' ','2006-02-15 04:45:30.000')
;
Insert into address
 (`address_id`,`address`,`address2`,`district`,`city_id`,`postal_code`,`phone`,`last_update`)
Values
 ('580','923 Tangail Boulevard',NULL,' ','10','33384',' ','2006-02-15 04:45:30.000')
;
Insert into address
 (`address_id`,`address`,`address2`,`district`,`city_id`,`postal_code`,`phone`,`last_update`)
Values
 ('581','186 Skikda Lane',NULL,' ','131','89422',' ','2006-02-15 04:45:30.000')
;
Insert into address
 (`address_id`,`address`,`address2`,`district`,`city_id`,`postal_code`,`phone`,`last_update`)
Values
 ('582','1568 Celaya Parkway',NULL,' ','168','34750',' ','2006-02-15 04:45:30.000')
;
Insert into address
 (`address_id`,`address`,`address2`,`district`,`city_id`,`postal_code`,`phone`,`last_update`)
Values
 ('583','1489 Kakamigahara Lane',NULL,' ','526','98883',' ','2006-02-15 04:45:30.000')
;
Insert into address
 (`address_id`,`address`,`address2`,`district`,`city_id`,`postal_code`,`phone`,`last_update`)
Values
 ('584','1819 Alessandria Loop',NULL,' ','103','53829',' ','2006-02-15 04:45:30.000')
;
Insert into address
 (`address_id`,`address`,`address2`,`district`,`city_id`,`postal_code`,`phone`,`last_update`)
Values
 ('585','1208 Tama Loop',NULL,' ','344','73605',' ','2006-02-15 04:45:30.000')
;
Insert into address
 (`address_id`,`address`,`address2`,`district`,`city_id`,`postal_code`,`phone`,`last_update`)
Values
 ('586','951 Springs Lane',NULL,' ','219','96115',' ','2006-02-15 04:45:30.000')
;
Insert into address
 (`address_id`,`address`,`address2`,`district`,`city_id`,`postal_code`,`phone`,`last_update`)
Values
 ('587','760 Miyakonojo Drive',NULL,' ','246','64682',' ','2006-02-15 04:45:30.000')
;
Insert into address
 (`address_id`,`address`,`address2`,`district`,`city_id`,`postal_code`,`phone`,`last_update`)
Values
 ('588','966 Asuncin Way',NULL,' ','212','62703',' ','2006-02-15 04:45:30.000')
;
Insert into address
 (`address_id`,`address`,`address2`,`district`,`city_id`,`postal_code`,`phone`,`last_update`)
Values
 ('589','1584 Ljubertsy Lane',NULL,' ','494','22954',' ','2006-02-15 04:45:30.000')
;
Insert into address
 (`address_id`,`address`,`address2`,`district`,`city_id`,`postal_code`,`phone`,`last_update`)
Values
 ('590','247 Jining Parkway',NULL,' ','54','53446',' ','2006-02-15 04:45:30.000')
;
Insert into address
 (`address_id`,`address`,`address2`,`district`,`city_id`,`postal_code`,`phone`,`last_update`)
Values
 ('591','773 Dallas Manor',NULL,' ','424','12664',' ','2006-02-15 04:45:30.000')
;
Insert into address
 (`address_id`,`address`,`address2`,`district`,`city_id`,`postal_code`,`phone`,`last_update`)
Values
 ('592','1923 Stara Zagora Lane',NULL,' ','546','95179',' ','2006-02-15 04:45:30.000')
;
Insert into address
 (`address_id`,`address`,`address2`,`district`,`city_id`,`postal_code`,`phone`,`last_update`)
Values
 ('593','1402 Zanzibar Boulevard',NULL,' ','106','71102',' ','2006-02-15 04:45:30.000')
;
Insert into address
 (`address_id`,`address`,`address2`,`district`,`city_id`,`postal_code`,`phone`,`last_update`)
Values
 ('594','1464 Kursk Parkway',NULL,' ','574','17381',' ','2006-02-15 04:45:30.000')
;
Insert into address
 (`address_id`,`address`,`address2`,`district`,`city_id`,`postal_code`,`phone`,`last_update`)
Values
 ('595','1074 Sanaa Parkway',NULL,' ','311','22474',' ','2006-02-15 04:45:30.000')
;
Insert into address
 (`address_id`,`address`,`address2`,`district`,`city_id`,`postal_code`,`phone`,`last_update`)
Values
 ('596','1759 Niznekamsk Avenue',NULL,' ','14','39414',' ','2006-02-15 04:45:30.000')
;
Insert into address
 (`address_id`,`address`,`address2`,`district`,`city_id`,`postal_code`,`phone`,`last_update`)
Values
 ('597','32 Liaocheng Way',NULL,' ','248','1944',' ','2006-02-15 04:45:30.000')
;
Insert into address
 (`address_id`,`address`,`address2`,`district`,`city_id`,`postal_code`,`phone`,`last_update`)
Values
 ('598','42 Fontana Avenue',NULL,' ','512','14684',' ','2006-02-15 04:45:30.000')
;
Insert into address
 (`address_id`,`address`,`address2`,`district`,`city_id`,`postal_code`,`phone`,`last_update`)
Values
 ('599','1895 Zhezqazghan Drive',NULL,' ','177','36693',' ','2006-02-15 04:45:30.000')
;
Insert into address
 (`address_id`,`address`,`address2`,`district`,`city_id`,`postal_code`,`phone`,`last_update`)
Values
 ('600','1837 Kaduna Parkway',NULL,' ','241','82580',' ','2006-02-15 04:45:30.000')
;
Insert into address
 (`address_id`,`address`,`address2`,`district`,`city_id`,`postal_code`,`phone`,`last_update`)
Values
 ('601','844 Bucuresti Place',NULL,' ','242','36603',' ','2006-02-15 04:45:30.000')
;
Insert into address
 (`address_id`,`address`,`address2`,`district`,`city_id`,`postal_code`,`phone`,`last_update`)
Values
 ('602','1101 Bucuresti Boulevard',NULL,' ','401','97661',' ','2006-02-15 04:45:30.000')
;
Insert into address
 (`address_id`,`address`,`address2`,`district`,`city_id`,`postal_code`,`phone`,`last_update`)
Values
 ('603','1103 Quilmes Boulevard',NULL,' ','503','52137',' ','2006-02-15 04:45:30.000')
;
Insert into address
 (`address_id`,`address`,`address2`,`district`,`city_id`,`postal_code`,`phone`,`last_update`)
Values
 ('604','1331 Usak Boulevard',NULL,' ','296','61960',' ','2006-02-15 04:45:30.000')
;
Insert into address
 (`address_id`,`address`,`address2`,`district`,`city_id`,`postal_code`,`phone`,`last_update`)
Values
 ('605','1325 Fukuyama Street',NULL,' ','537','27107',' ','2006-02-15 04:45:30.000')
;
-- Automatically generated by Advanced ETl Processor
-- http://www.etl-tools.com/
-- table actor
-- Start of script
Insert into actor
 (`actor_id`,`first_name`,`last_name`,`last_update`)
Values
('1','PENELOPE','GUINESS','2006-02-15 04:34:33.000')
;
Insert into actor
 (`actor_id`,`first_name`,`last_name`,`last_update`)
Values
('2','NICK','WAHLBERG','2006-02-15 04:34:33.000')
;
Insert into actor
 (`actor_id`,`first_name`,`last_name`,`last_update`)
Values
('3','ED','CHASE','2006-02-15 04:34:33.000')
;
Insert into actor
 (`actor_id`,`first_name`,`last_name`,`last_update`)
Values
('4','JENNIFER','DAVIS','2006-02-15 04:34:33.000')
;
Insert into actor
 (`actor_id`,`first_name`,`last_name`,`last_update`)
Values
('5','JOHNNY','LOLLOBRIGIDA','2006-02-15 04:34:33.000')
;
Insert into actor
 (`actor_id`,`first_name`,`last_name`,`last_update`)
Values
('6','BETTE','NICHOLSON','2006-02-15 04:34:33.000')
;
Insert into actor
 (`actor_id`,`first_name`,`last_name`,`last_update`)
Values
('7','GRACE','MOSTEL','2006-02-15 04:34:33.000')
;
Insert into actor
 (`actor_id`,`first_name`,`last_name`,`last_update`)
Values
('8','MATTHEW','JOHANSSON','2006-02-15 04:34:33.000')
;
Insert into actor
 (`actor_id`,`first_name`,`last_name`,`last_update`)
Values
('9','JOE','SWANK','2006-02-15 04:34:33.000')
;
Insert into actor
 (`actor_id`,`first_name`,`last_name`,`last_update`)
Values
('10','CHRISTIAN','GABLE','2006-02-15 04:34:33.000')
;
Insert into actor
 (`actor_id`,`first_name`,`last_name`,`last_update`)
Values
('11','ZERO','CAGE','2006-02-15 04:34:33.000')
;
Insert into actor
 (`actor_id`,`first_name`,`last_name`,`last_update`)
Values
('12','KARL','BERRY','2006-02-15 04:34:33.000')
;
Insert into actor
 (`actor_id`,`first_name`,`last_name`,`last_update`)
Values
('13','UMA','WOOD','2006-02-15 04:34:33.000')
;
Insert into actor
 (`actor_id`,`first_name`,`last_name`,`last_update`)
Values
('14','VIVIEN','BERGEN','2006-02-15 04:34:33.000')
;
Insert into actor
 (`actor_id`,`first_name`,`last_name`,`last_update`)
Values
('15','CUBA','OLIVIER','2006-02-15 04:34:33.000')
;
Insert into actor
 (`actor_id`,`first_name`,`last_name`,`last_update`)
Values
('16','FRED','COSTNER','2006-02-15 04:34:33.000')
;
Insert into actor
 (`actor_id`,`first_name`,`last_name`,`last_update`)
Values
('17','HELEN','VOIGHT','2006-02-15 04:34:33.000')
;
Insert into actor
 (`actor_id`,`first_name`,`last_name`,`last_update`)
Values
('18','DAN','TORN','2006-02-15 04:34:33.000')
;
Insert into actor
 (`actor_id`,`first_name`,`last_name`,`last_update`)
Values
('19','BOB','FAWCETT','2006-02-15 04:34:33.000')
;
Insert into actor
 (`actor_id`,`first_name`,`last_name`,`last_update`)
Values
('20','LUCILLE','TRACY','2006-02-15 04:34:33.000')
;
Insert into actor
 (`actor_id`,`first_name`,`last_name`,`last_update`)
Values
('21','KIRSTEN','PALTROW','2006-02-15 04:34:33.000')
;
Insert into actor
 (`actor_id`,`first_name`,`last_name`,`last_update`)
Values
('22','ELVIS','MARX','2006-02-15 04:34:33.000')
;
Insert into actor
 (`actor_id`,`first_name`,`last_name`,`last_update`)
Values
('23','SANDRA','KILMER','2006-02-15 04:34:33.000')
;
Insert into actor
 (`actor_id`,`first_name`,`last_name`,`last_update`)
Values
('24','CAMERON','STREEP','2006-02-15 04:34:33.000')
;
Insert into actor
 (`actor_id`,`first_name`,`last_name`,`last_update`)
Values
('25','KEVIN','BLOOM','2006-02-15 04:34:33.000')
;
Insert into actor
 (`actor_id`,`first_name`,`last_name`,`last_update`)
Values
('26','RIP','CRAWFORD','2006-02-15 04:34:33.000')
;
Insert into actor
 (`actor_id`,`first_name`,`last_name`,`last_update`)
Values
('27','JULIA','MCQUEEN','2006-02-15 04:34:33.000')
;
Insert into actor
 (`actor_id`,`first_name`,`last_name`,`last_update`)
Values
('28','WOODY','HOFFMAN','2006-02-15 04:34:33.000')
;
Insert into actor
 (`actor_id`,`first_name`,`last_name`,`last_update`)
Values
('29','ALEC','WAYNE','2006-02-15 04:34:33.000')
;
Insert into actor
 (`actor_id`,`first_name`,`last_name`,`last_update`)
Values
('30','SANDRA','PECK','2006-02-15 04:34:33.000')
;
Insert into actor
 (`actor_id`,`first_name`,`last_name`,`last_update`)
Values
('31','SISSY','SOBIESKI','2006-02-15 04:34:33.000')
;
Insert into actor
 (`actor_id`,`first_name`,`last_name`,`last_update`)
Values
('32','TIM','HACKMAN','2006-02-15 04:34:33.000')
;
Insert into actor
 (`actor_id`,`first_name`,`last_name`,`last_update`)
Values
('33','MILLA','PECK','2006-02-15 04:34:33.000')
;
Insert into actor
 (`actor_id`,`first_name`,`last_name`,`last_update`)
Values
('34','AUDREY','OLIVIER','2006-02-15 04:34:33.000')
;
Insert into actor
 (`actor_id`,`first_name`,`last_name`,`last_update`)
Values
('35','JUDY','DEAN','2006-02-15 04:34:33.000')
;
Insert into actor
 (`actor_id`,`first_name`,`last_name`,`last_update`)
Values
('36','BURT','DUKAKIS','2006-02-15 04:34:33.000')
;
Insert into actor
 (`actor_id`,`first_name`,`last_name`,`last_update`)
Values
('37','VAL','BOLGER','2006-02-15 04:34:33.000')
;
Insert into actor
 (`actor_id`,`first_name`,`last_name`,`last_update`)
Values
('38','TOM','MCKELLEN','2006-02-15 04:34:33.000')
;
Insert into actor
 (`actor_id`,`first_name`,`last_name`,`last_update`)
Values
('39','GOLDIE','BRODY','2006-02-15 04:34:33.000')
;
Insert into actor
 (`actor_id`,`first_name`,`last_name`,`last_update`)
Values
('40','JOHNNY','CAGE','2006-02-15 04:34:33.000')
;
Insert into actor
 (`actor_id`,`first_name`,`last_name`,`last_update`)
Values
('41','JODIE','DEGENERES','2006-02-15 04:34:33.000')
;
Insert into actor
 (`actor_id`,`first_name`,`last_name`,`last_update`)
Values
('42','TOM','MIRANDA','2006-02-15 04:34:33.000')
;
Insert into actor
 (`actor_id`,`first_name`,`last_name`,`last_update`)
Values
('43','KIRK','JOVOVICH','2006-02-15 04:34:33.000')
;
Insert into actor
 (`actor_id`,`first_name`,`last_name`,`last_update`)
Values
('44','NICK','STALLONE','2006-02-15 04:34:33.000')
;
Insert into actor
 (`actor_id`,`first_name`,`last_name`,`last_update`)
Values
('45','REESE','KILMER','2006-02-15 04:34:33.000')
;
Insert into actor
 (`actor_id`,`first_name`,`last_name`,`last_update`)
Values
('46','PARKER','GOLDBERG','2006-02-15 04:34:33.000')
;
Insert into actor
 (`actor_id`,`first_name`,`last_name`,`last_update`)
Values
('47','JULIA','BARRYMORE','2006-02-15 04:34:33.000')
;
Insert into actor
 (`actor_id`,`first_name`,`last_name`,`last_update`)
Values
('48','FRANCES','DAY-LEWIS','2006-02-15 04:34:33.000')
;
Insert into actor
 (`actor_id`,`first_name`,`last_name`,`last_update`)
Values
('49','ANNE','CRONYN','2006-02-15 04:34:33.000')
;
Insert into actor
 (`actor_id`,`first_name`,`last_name`,`last_update`)
Values
('50','NATALIE','HOPKINS','2006-02-15 04:34:33.000')
;
Insert into actor
 (`actor_id`,`first_name`,`last_name`,`last_update`)
Values
('51','GARY','PHOENIX','2006-02-15 04:34:33.000')
;
Insert into actor
 (`actor_id`,`first_name`,`last_name`,`last_update`)
Values
('52','CARMEN','HUNT','2006-02-15 04:34:33.000')
;
Insert into actor
 (`actor_id`,`first_name`,`last_name`,`last_update`)
Values
('53','MENA','TEMPLE','2006-02-15 04:34:33.000')
;
Insert into actor
 (`actor_id`,`first_name`,`last_name`,`last_update`)
Values
('54','PENELOPE','PINKETT','2006-02-15 04:34:33.000')
;
Insert into actor
 (`actor_id`,`first_name`,`last_name`,`last_update`)
Values
('55','FAY','KILMER','2006-02-15 04:34:33.000')
;
Insert into actor
 (`actor_id`,`first_name`,`last_name`,`last_update`)
Values
('56','DAN','HARRIS','2006-02-15 04:34:33.000')
;
Insert into actor
 (`actor_id`,`first_name`,`last_name`,`last_update`)
Values
('57','JUDE','CRUISE','2006-02-15 04:34:33.000')
;
Insert into actor
 (`actor_id`,`first_name`,`last_name`,`last_update`)
Values
('58','CHRISTIAN','AKROYD','2006-02-15 04:34:33.000')
;
Insert into actor
 (`actor_id`,`first_name`,`last_name`,`last_update`)
Values
('59','DUSTIN','TAUTOU','2006-02-15 04:34:33.000')
;
Insert into actor
 (`actor_id`,`first_name`,`last_name`,`last_update`)
Values
('60','HENRY','BERRY','2006-02-15 04:34:33.000')
;
Insert into actor
 (`actor_id`,`first_name`,`last_name`,`last_update`)
Values
('61','CHRISTIAN','NEESON','2006-02-15 04:34:33.000')
;
Insert into actor
 (`actor_id`,`first_name`,`last_name`,`last_update`)
Values
('62','JAYNE','NEESON','2006-02-15 04:34:33.000')
;
Insert into actor
 (`actor_id`,`first_name`,`last_name`,`last_update`)
Values
('63','CAMERON','WRAY','2006-02-15 04:34:33.000')
;
Insert into actor
 (`actor_id`,`first_name`,`last_name`,`last_update`)
Values
('64','RAY','JOHANSSON','2006-02-15 04:34:33.000')
;
Insert into actor
 (`actor_id`,`first_name`,`last_name`,`last_update`)
Values
('65','ANGELA','HUDSON','2006-02-15 04:34:33.000')
;
Insert into actor
 (`actor_id`,`first_name`,`last_name`,`last_update`)
Values
('66','MARY','TANDY','2006-02-15 04:34:33.000')
;
Insert into actor
 (`actor_id`,`first_name`,`last_name`,`last_update`)
Values
('67','JESSICA','BAILEY','2006-02-15 04:34:33.000')
;
Insert into actor
 (`actor_id`,`first_name`,`last_name`,`last_update`)
Values
('68','RIP','WINSLET','2006-02-15 04:34:33.000')
;
Insert into actor
 (`actor_id`,`first_name`,`last_name`,`last_update`)
Values
('69','KENNETH','PALTROW','2006-02-15 04:34:33.000')
;
Insert into actor
 (`actor_id`,`first_name`,`last_name`,`last_update`)
Values
('70','MICHELLE','MCCONAUGHEY','2006-02-15 04:34:33.000')
;
Insert into actor
 (`actor_id`,`first_name`,`last_name`,`last_update`)
Values
('71','ADAM','GRANT','2006-02-15 04:34:33.000')
;
Insert into actor
 (`actor_id`,`first_name`,`last_name`,`last_update`)
Values
('72','SEAN','WILLIAMS','2006-02-15 04:34:33.000')
;
Insert into actor
 (`actor_id`,`first_name`,`last_name`,`last_update`)
Values
('73','GARY','PENN','2006-02-15 04:34:33.000')
;
Insert into actor
 (`actor_id`,`first_name`,`last_name`,`last_update`)
Values
('74','MILLA','KEITEL','2006-02-15 04:34:33.000')
;
Insert into actor
 (`actor_id`,`first_name`,`last_name`,`last_update`)
Values
('75','BURT','POSEY','2006-02-15 04:34:33.000')
;
Insert into actor
 (`actor_id`,`first_name`,`last_name`,`last_update`)
Values
('76','ANGELINA','ASTAIRE','2006-02-15 04:34:33.000')
;
Insert into actor
 (`actor_id`,`first_name`,`last_name`,`last_update`)
Values
('77','CARY','MCCONAUGHEY','2006-02-15 04:34:33.000')
;
Insert into actor
 (`actor_id`,`first_name`,`last_name`,`last_update`)
Values
('78','GROUCHO','SINATRA','2006-02-15 04:34:33.000')
;
Insert into actor
 (`actor_id`,`first_name`,`last_name`,`last_update`)
Values
('79','MAE','HOFFMAN','2006-02-15 04:34:33.000')
;
Insert into actor
 (`actor_id`,`first_name`,`last_name`,`last_update`)
Values
('80','RALPH','CRUZ','2006-02-15 04:34:33.000')
;
Insert into actor
 (`actor_id`,`first_name`,`last_name`,`last_update`)
Values
('81','SCARLETT','DAMON','2006-02-15 04:34:33.000')
;
Insert into actor
 (`actor_id`,`first_name`,`last_name`,`last_update`)
Values
('82','WOODY','JOLIE','2006-02-15 04:34:33.000')
;
Insert into actor
 (`actor_id`,`first_name`,`last_name`,`last_update`)
Values
('83','BEN','WILLIS','2006-02-15 04:34:33.000')
;
Insert into actor
 (`actor_id`,`first_name`,`last_name`,`last_update`)
Values
('84','JAMES','PITT','2006-02-15 04:34:33.000')
;
Insert into actor
 (`actor_id`,`first_name`,`last_name`,`last_update`)
Values
('85','MINNIE','ZELLWEGER','2006-02-15 04:34:33.000')
;
Insert into actor
 (`actor_id`,`first_name`,`last_name`,`last_update`)
Values
('86','GREG','CHAPLIN','2006-02-15 04:34:33.000')
;
Insert into actor
 (`actor_id`,`first_name`,`last_name`,`last_update`)
Values
('87','SPENCER','PECK','2006-02-15 04:34:33.000')
;
Insert into actor
 (`actor_id`,`first_name`,`last_name`,`last_update`)
Values
('88','KENNETH','PESCI','2006-02-15 04:34:33.000')
;
Insert into actor
 (`actor_id`,`first_name`,`last_name`,`last_update`)
Values
('89','CHARLIZE','DENCH','2006-02-15 04:34:33.000')
;
Insert into actor
 (`actor_id`,`first_name`,`last_name`,`last_update`)
Values
('90','SEAN','GUINESS','2006-02-15 04:34:33.000')
;
Insert into actor
 (`actor_id`,`first_name`,`last_name`,`last_update`)
Values
('91','CHRISTOPHER','BERRY','2006-02-15 04:34:33.000')
;
Insert into actor
 (`actor_id`,`first_name`,`last_name`,`last_update`)
Values
('92','KIRSTEN','AKROYD','2006-02-15 04:34:33.000')
;
Insert into actor
 (`actor_id`,`first_name`,`last_name`,`last_update`)
Values
('93','ELLEN','PRESLEY','2006-02-15 04:34:33.000')
;
Insert into actor
 (`actor_id`,`first_name`,`last_name`,`last_update`)
Values
('94','KENNETH','TORN','2006-02-15 04:34:33.000')
;
Insert into actor
 (`actor_id`,`first_name`,`last_name`,`last_update`)
Values
('95','DARYL','WAHLBERG','2006-02-15 04:34:33.000')
;
Insert into actor
 (`actor_id`,`first_name`,`last_name`,`last_update`)
Values
('96','GENE','WILLIS','2006-02-15 04:34:33.000')
;
Insert into actor
 (`actor_id`,`first_name`,`last_name`,`last_update`)
Values
('97','MEG','HAWKE','2006-02-15 04:34:33.000')
;
Insert into actor
 (`actor_id`,`first_name`,`last_name`,`last_update`)
Values
('98','CHRIS','BRIDGES','2006-02-15 04:34:33.000')
;
Insert into actor
 (`actor_id`,`first_name`,`last_name`,`last_update`)
Values
('99','JIM','MOSTEL','2006-02-15 04:34:33.000')
;
Insert into actor
 (`actor_id`,`first_name`,`last_name`,`last_update`)
Values
('100','SPENCER','DEPP','2006-02-15 04:34:33.000')
;
Insert into actor
 (`actor_id`,`first_name`,`last_name`,`last_update`)
Values
('101','SUSAN','DAVIS','2006-02-15 04:34:33.000')
;
Insert into actor
 (`actor_id`,`first_name`,`last_name`,`last_update`)
Values
('102','WALTER','TORN','2006-02-15 04:34:33.000')
;
Insert into actor
 (`actor_id`,`first_name`,`last_name`,`last_update`)
Values
('103','MATTHEW','LEIGH','2006-02-15 04:34:33.000')
;
Insert into actor
 (`actor_id`,`first_name`,`last_name`,`last_update`)
Values
('104','PENELOPE','CRONYN','2006-02-15 04:34:33.000')
;
Insert into actor
 (`actor_id`,`first_name`,`last_name`,`last_update`)
Values
('105','SIDNEY','CROWE','2006-02-15 04:34:33.000')
;
Insert into actor
 (`actor_id`,`first_name`,`last_name`,`last_update`)
Values
('106','GROUCHO','DUNST','2006-02-15 04:34:33.000')
;
Insert into actor
 (`actor_id`,`first_name`,`last_name`,`last_update`)
Values
('107','GINA','DEGENERES','2006-02-15 04:34:33.000')
;
Insert into actor
 (`actor_id`,`first_name`,`last_name`,`last_update`)
Values
('108','WARREN','NOLTE','2006-02-15 04:34:33.000')
;
Insert into actor
 (`actor_id`,`first_name`,`last_name`,`last_update`)
Values
('109','SYLVESTER','DERN','2006-02-15 04:34:33.000')
;
Insert into actor
 (`actor_id`,`first_name`,`last_name`,`last_update`)
Values
('110','SUSAN','DAVIS','2006-02-15 04:34:33.000')
;
Insert into actor
 (`actor_id`,`first_name`,`last_name`,`last_update`)
Values
('111','CAMERON','ZELLWEGER','2006-02-15 04:34:33.000')
;
Insert into actor
 (`actor_id`,`first_name`,`last_name`,`last_update`)
Values
('112','RUSSELL','BACALL','2006-02-15 04:34:33.000')
;
Insert into actor
 (`actor_id`,`first_name`,`last_name`,`last_update`)
Values
('113','MORGAN','HOPKINS','2006-02-15 04:34:33.000')
;
Insert into actor
 (`actor_id`,`first_name`,`last_name`,`last_update`)
Values
('114','MORGAN','MCDORMAND','2006-02-15 04:34:33.000')
;
Insert into actor
 (`actor_id`,`first_name`,`last_name`,`last_update`)
Values
('115','HARRISON','BALE','2006-02-15 04:34:33.000')
;
Insert into actor
 (`actor_id`,`first_name`,`last_name`,`last_update`)
Values
('116','DAN','STREEP','2006-02-15 04:34:33.000')
;
Insert into actor
 (`actor_id`,`first_name`,`last_name`,`last_update`)
Values
('117','RENEE','TRACY','2006-02-15 04:34:33.000')
;
Insert into actor
 (`actor_id`,`first_name`,`last_name`,`last_update`)
Values
('118','CUBA','ALLEN','2006-02-15 04:34:33.000')
;
Insert into actor
 (`actor_id`,`first_name`,`last_name`,`last_update`)
Values
('119','WARREN','JACKMAN','2006-02-15 04:34:33.000')
;
Insert into actor
 (`actor_id`,`first_name`,`last_name`,`last_update`)
Values
('120','PENELOPE','MONROE','2006-02-15 04:34:33.000')
;
Insert into actor
 (`actor_id`,`first_name`,`last_name`,`last_update`)
Values
('121','LIZA','BERGMAN','2006-02-15 04:34:33.000')
;
Insert into actor
 (`actor_id`,`first_name`,`last_name`,`last_update`)
Values
('122','SALMA','NOLTE','2006-02-15 04:34:33.000')
;
Insert into actor
 (`actor_id`,`first_name`,`last_name`,`last_update`)
Values
('123','JULIANNE','DENCH','2006-02-15 04:34:33.000')
;
Insert into actor
 (`actor_id`,`first_name`,`last_name`,`last_update`)
Values
('124','SCARLETT','BENING','2006-02-15 04:34:33.000')
;
Insert into actor
 (`actor_id`,`first_name`,`last_name`,`last_update`)
Values
('125','ALBERT','NOLTE','2006-02-15 04:34:33.000')
;
Insert into actor
 (`actor_id`,`first_name`,`last_name`,`last_update`)
Values
('126','FRANCES','TOMEI','2006-02-15 04:34:33.000')
;
Insert into actor
 (`actor_id`,`first_name`,`last_name`,`last_update`)
Values
('127','KEVIN','GARLAND','2006-02-15 04:34:33.000')
;
Insert into actor
 (`actor_id`,`first_name`,`last_name`,`last_update`)
Values
('128','CATE','MCQUEEN','2006-02-15 04:34:33.000')
;
Insert into actor
 (`actor_id`,`first_name`,`last_name`,`last_update`)
Values
('129','DARYL','CRAWFORD','2006-02-15 04:34:33.000')
;
Insert into actor
 (`actor_id`,`first_name`,`last_name`,`last_update`)
Values
('130','GRETA','KEITEL','2006-02-15 04:34:33.000')
;
Insert into actor
 (`actor_id`,`first_name`,`last_name`,`last_update`)
Values
('131','JANE','JACKMAN','2006-02-15 04:34:33.000')
;
Insert into actor
 (`actor_id`,`first_name`,`last_name`,`last_update`)
Values
('132','ADAM','HOPPER','2006-02-15 04:34:33.000')
;
Insert into actor
 (`actor_id`,`first_name`,`last_name`,`last_update`)
Values
('133','RICHARD','PENN','2006-02-15 04:34:33.000')
;
Insert into actor
 (`actor_id`,`first_name`,`last_name`,`last_update`)
Values
('134','GENE','HOPKINS','2006-02-15 04:34:33.000')
;
Insert into actor
 (`actor_id`,`first_name`,`last_name`,`last_update`)
Values
('135','RITA','REYNOLDS','2006-02-15 04:34:33.000')
;
Insert into actor
 (`actor_id`,`first_name`,`last_name`,`last_update`)
Values
('136','ED','MANSFIELD','2006-02-15 04:34:33.000')
;
Insert into actor
 (`actor_id`,`first_name`,`last_name`,`last_update`)
Values
('137','MORGAN','WILLIAMS','2006-02-15 04:34:33.000')
;
Insert into actor
 (`actor_id`,`first_name`,`last_name`,`last_update`)
Values
('138','LUCILLE','DEE','2006-02-15 04:34:33.000')
;
Insert into actor
 (`actor_id`,`first_name`,`last_name`,`last_update`)
Values
('139','EWAN','GOODING','2006-02-15 04:34:33.000')
;
Insert into actor
 (`actor_id`,`first_name`,`last_name`,`last_update`)
Values
('140','WHOOPI','HURT','2006-02-15 04:34:33.000')
;
Insert into actor
 (`actor_id`,`first_name`,`last_name`,`last_update`)
Values
('141','CATE','HARRIS','2006-02-15 04:34:33.000')
;
Insert into actor
 (`actor_id`,`first_name`,`last_name`,`last_update`)
Values
('142','JADA','RYDER','2006-02-15 04:34:33.000')
;
Insert into actor
 (`actor_id`,`first_name`,`last_name`,`last_update`)
Values
('143','RIVER','DEAN','2006-02-15 04:34:33.000')
;
Insert into actor
 (`actor_id`,`first_name`,`last_name`,`last_update`)
Values
('144','ANGELA','WITHERSPOON','2006-02-15 04:34:33.000')
;
Insert into actor
 (`actor_id`,`first_name`,`last_name`,`last_update`)
Values
('145','KIM','ALLEN','2006-02-15 04:34:33.000')
;
Insert into actor
 (`actor_id`,`first_name`,`last_name`,`last_update`)
Values
('146','ALBERT','JOHANSSON','2006-02-15 04:34:33.000')
;
Insert into actor
 (`actor_id`,`first_name`,`last_name`,`last_update`)
Values
('147','FAY','WINSLET','2006-02-15 04:34:33.000')
;
Insert into actor
 (`actor_id`,`first_name`,`last_name`,`last_update`)
Values
('148','EMILY','DEE','2006-02-15 04:34:33.000')
;
Insert into actor
 (`actor_id`,`first_name`,`last_name`,`last_update`)
Values
('149','RUSSELL','TEMPLE','2006-02-15 04:34:33.000')
;
Insert into actor
 (`actor_id`,`first_name`,`last_name`,`last_update`)
Values
('150','JAYNE','NOLTE','2006-02-15 04:34:33.000')
;
Insert into actor
 (`actor_id`,`first_name`,`last_name`,`last_update`)
Values
('151','GEOFFREY','HESTON','2006-02-15 04:34:33.000')
;
Insert into actor
 (`actor_id`,`first_name`,`last_name`,`last_update`)
Values
('152','BEN','HARRIS','2006-02-15 04:34:33.000')
;
Insert into actor
 (`actor_id`,`first_name`,`last_name`,`last_update`)
Values
('153','MINNIE','KILMER','2006-02-15 04:34:33.000')
;
Insert into actor
 (`actor_id`,`first_name`,`last_name`,`last_update`)
Values
('154','MERYL','GIBSON','2006-02-15 04:34:33.000')
;
Insert into actor
 (`actor_id`,`first_name`,`last_name`,`last_update`)
Values
('155','IAN','TANDY','2006-02-15 04:34:33.000')
;
Insert into actor
 (`actor_id`,`first_name`,`last_name`,`last_update`)
Values
('156','FAY','WOOD','2006-02-15 04:34:33.000')
;
Insert into actor
 (`actor_id`,`first_name`,`last_name`,`last_update`)
Values
('157','GRETA','MALDEN','2006-02-15 04:34:33.000')
;
Insert into actor
 (`actor_id`,`first_name`,`last_name`,`last_update`)
Values
('158','VIVIEN','BASINGER','2006-02-15 04:34:33.000')
;
Insert into actor
 (`actor_id`,`first_name`,`last_name`,`last_update`)
Values
('159','LAURA','BRODY','2006-02-15 04:34:33.000')
;
Insert into actor
 (`actor_id`,`first_name`,`last_name`,`last_update`)
Values
('160','CHRIS','DEPP','2006-02-15 04:34:33.000')
;
Insert into actor
 (`actor_id`,`first_name`,`last_name`,`last_update`)
Values
('161','HARVEY','HOPE','2006-02-15 04:34:33.000')
;
Insert into actor
 (`actor_id`,`first_name`,`last_name`,`last_update`)
Values
('162','OPRAH','KILMER','2006-02-15 04:34:33.000')
;
Insert into actor
 (`actor_id`,`first_name`,`last_name`,`last_update`)
Values
('163','CHRISTOPHER','WEST','2006-02-15 04:34:33.000')
;
Insert into actor
 (`actor_id`,`first_name`,`last_name`,`last_update`)
Values
('164','HUMPHREY','WILLIS','2006-02-15 04:34:33.000')
;
Insert into actor
 (`actor_id`,`first_name`,`last_name`,`last_update`)
Values
('165','AL','GARLAND','2006-02-15 04:34:33.000')
;
Insert into actor
 (`actor_id`,`first_name`,`last_name`,`last_update`)
Values
('166','NICK','DEGENERES','2006-02-15 04:34:33.000')
;
Insert into actor
 (`actor_id`,`first_name`,`last_name`,`last_update`)
Values
('167','LAURENCE','BULLOCK','2006-02-15 04:34:33.000')
;
Insert into actor
 (`actor_id`,`first_name`,`last_name`,`last_update`)
Values
('168','WILL','WILSON','2006-02-15 04:34:33.000')
;
Insert into actor
 (`actor_id`,`first_name`,`last_name`,`last_update`)
Values
('169','KENNETH','HOFFMAN','2006-02-15 04:34:33.000')
;
Insert into actor
 (`actor_id`,`first_name`,`last_name`,`last_update`)
Values
('170','MENA','HOPPER','2006-02-15 04:34:33.000')
;
Insert into actor
 (`actor_id`,`first_name`,`last_name`,`last_update`)
Values
('171','OLYMPIA','PFEIFFER','2006-02-15 04:34:33.000')
;
Insert into actor
 (`actor_id`,`first_name`,`last_name`,`last_update`)
Values
('172','GROUCHO','WILLIAMS','2006-02-15 04:34:33.000')
;
Insert into actor
 (`actor_id`,`first_name`,`last_name`,`last_update`)
Values
('173','ALAN','DREYFUSS','2006-02-15 04:34:33.000')
;
Insert into actor
 (`actor_id`,`first_name`,`last_name`,`last_update`)
Values
('174','MICHAEL','BENING','2006-02-15 04:34:33.000')
;
Insert into actor
 (`actor_id`,`first_name`,`last_name`,`last_update`)
Values
('175','WILLIAM','HACKMAN','2006-02-15 04:34:33.000')
;
Insert into actor
 (`actor_id`,`first_name`,`last_name`,`last_update`)
Values
('176','JON','CHASE','2006-02-15 04:34:33.000')
;
Insert into actor
 (`actor_id`,`first_name`,`last_name`,`last_update`)
Values
('177','GENE','MCKELLEN','2006-02-15 04:34:33.000')
;
Insert into actor
 (`actor_id`,`first_name`,`last_name`,`last_update`)
Values
('178','LISA','MONROE','2006-02-15 04:34:33.000')
;
Insert into actor
 (`actor_id`,`first_name`,`last_name`,`last_update`)
Values
('179','ED','GUINESS','2006-02-15 04:34:33.000')
;
Insert into actor
 (`actor_id`,`first_name`,`last_name`,`last_update`)
Values
('180','JEFF','SILVERSTONE','2006-02-15 04:34:33.000')
;
Insert into actor
 (`actor_id`,`first_name`,`last_name`,`last_update`)
Values
('181','MATTHEW','CARREY','2006-02-15 04:34:33.000')
;
Insert into actor
 (`actor_id`,`first_name`,`last_name`,`last_update`)
Values
('182','DEBBIE','AKROYD','2006-02-15 04:34:33.000')
;
Insert into actor
 (`actor_id`,`first_name`,`last_name`,`last_update`)
Values
('183','RUSSELL','CLOSE','2006-02-15 04:34:33.000')
;
Insert into actor
 (`actor_id`,`first_name`,`last_name`,`last_update`)
Values
('184','HUMPHREY','GARLAND','2006-02-15 04:34:33.000')
;
Insert into actor
 (`actor_id`,`first_name`,`last_name`,`last_update`)
Values
('185','MICHAEL','BOLGER','2006-02-15 04:34:33.000')
;
Insert into actor
 (`actor_id`,`first_name`,`last_name`,`last_update`)
Values
('186','JULIA','ZELLWEGER','2006-02-15 04:34:33.000')
;
Insert into actor
 (`actor_id`,`first_name`,`last_name`,`last_update`)
Values
('187','RENEE','BALL','2006-02-15 04:34:33.000')
;
Insert into actor
 (`actor_id`,`first_name`,`last_name`,`last_update`)
Values
('188','ROCK','DUKAKIS','2006-02-15 04:34:33.000')
;
Insert into actor
 (`actor_id`,`first_name`,`last_name`,`last_update`)
Values
('189','CUBA','BIRCH','2006-02-15 04:34:33.000')
;
Insert into actor
 (`actor_id`,`first_name`,`last_name`,`last_update`)
Values
('190','AUDREY','BAILEY','2006-02-15 04:34:33.000')
;
Insert into actor
 (`actor_id`,`first_name`,`last_name`,`last_update`)
Values
('191','GREGORY','GOODING','2006-02-15 04:34:33.000')
;
Insert into actor
 (`actor_id`,`first_name`,`last_name`,`last_update`)
Values
('192','JOHN','SUVARI','2006-02-15 04:34:33.000')
;
Insert into actor
 (`actor_id`,`first_name`,`last_name`,`last_update`)
Values
('193','BURT','TEMPLE','2006-02-15 04:34:33.000')
;
Insert into actor
 (`actor_id`,`first_name`,`last_name`,`last_update`)
Values
('194','MERYL','ALLEN','2006-02-15 04:34:33.000')
;
Insert into actor
 (`actor_id`,`first_name`,`last_name`,`last_update`)
Values
('195','JAYNE','SILVERSTONE','2006-02-15 04:34:33.000')
;
Insert into actor
 (`actor_id`,`first_name`,`last_name`,`last_update`)
Values
('196','BELA','WALKEN','2006-02-15 04:34:33.000')
;
Insert into actor
 (`actor_id`,`first_name`,`last_name`,`last_update`)
Values
('197','REESE','WEST','2006-02-15 04:34:33.000')
;
Insert into actor
 (`actor_id`,`first_name`,`last_name`,`last_update`)
Values
('198','MARY','KEITEL','2006-02-15 04:34:33.000')
;
Insert into actor
 (`actor_id`,`first_name`,`last_name`,`last_update`)
Values
('199','JULIA','FAWCETT','2006-02-15 04:34:33.000')
;
Insert into actor
 (`actor_id`,`first_name`,`last_name`,`last_update`)
Values
('200','THORA','TEMPLE','2006-02-15 04:34:33.000')
;
-- End of Script
--
--
Select * from staff;
Insert into staff
 (`staff_id`,`first_name`,`last_name`,`address_id`,`picture`,`email`,`store_id`,`active`,`username`,`password`,`last_update`)
Values
 ('1','Mike','Hillyer','3',NULL,'Mike.Hillyer@sakilastaff.com','1','1','Mike','8cb2237d0679ca88db6464eac60da96345513964','2006-02-15 04:57:16.000')
;
Insert into staff
 (`staff_id`,`first_name`,`last_name`,`address_id`,`picture`,`email`,`store_id`,`active`,`username`,`password`,`last_update`)
Values
 ('2','Jon','Stephens','4',NULL,'Jon.Stephens@sakilastaff.com','2','1','Jon','8cb2237d0679ca88db6464eac60da96345513964','2006-02-15 04:57:16.000')
;
-- Automatically generated by Advanced ETl Processor
-- http://www.etl-tools.com/
-- table store
-- Start of script
Insert into store
 (`store_id`,`manager_staff_id`,`address_id`,`last_update`)
Values
('1','1','1','2006-02-15 04:57:12.000')
;
Insert into store
 (`store_id`,`manager_staff_id`,`address_id`,`last_update`)
Values
('2','2','2','2006-02-15 04:57:12.000')
;
-- End of Script
--
--
-- Automatically generated by Advanced ETl Processor
-- http://www.etl-tools.com/
-- table category
-- Start of script
Select * from category;



-- End of Script
--
--
ALTER TABLE staff ADD CONSTRAINT `fk_staff_address` FOREIGN KEY (`address_id`) REFERENCES `address` (`address_id`) ON UPDATE CASCADE;
ALTER TABLE staff ADD CONSTRAINT `fk_staff_store` FOREIGN KEY (`store_id`) REFERENCES `store` (`store_id`) ON UPDATE CASCADE;